,datetime,month,day,hour,t,Station,x,Rainfall_Aries,Rainfall_Boso,Rainfall_Campana,Rainfall_Nangka,Rainfall_Oro,Waterlevel,Discharge,Cross_Section,Velocity,fric_coeff,slope
8880,2016-07-05 00:00:00,7,5,0,0.0,Montalban,0,0,0,0,0,0,20.66,10.262298327716202,619.8,0.0165574351850858,0.035,0.002
8881,2016-07-05 00:00:00,7,5,0,0.0,Sto_Nino,14420,0,0,0,0,0,12.17,20.789044791954503,803.22,0.0258821304150226,0.033,0.0006666666666666
8882,2016-07-05 01:00:00,7,5,1,3600.0,Montalban,0,0,0,0,0,0,20.65,10.16008268102932,619.5,0.016400456305132,0.035,0.002
8883,2016-07-05 01:00:00,7,5,1,3600.0,Sto_Nino,14420,0,0,0,0,0,12.16,20.546968487027627,802.5600000000001,0.0256017848971137,0.033,0.0006666666666666
8884,2016-07-05 02:00:00,7,5,2,7200.0,Montalban,0,0,0,0,0,0,20.65,10.16008268102932,619.5,0.016400456305132,0.035,0.002
8885,2016-07-05 02:00:00,7,5,2,7200.0,Sto_Nino,14420,0,0,0,0,0,12.14,20.069609715740416,801.24,0.0250481874541216,0.033,0.0006666666666666
8886,2016-07-05 03:00:00,7,5,3,10800.0,Montalban,0,0,0,0,0,0,20.64,10.058865489759564,619.2,0.0162449378064592,0.035,0.002
8887,2016-07-05 03:00:00,7,5,3,10800.0,Sto_Nino,14420,0,0,0,0,0,12.13,19.83429509569469,800.58,0.0247749070619984,0.033,0.0006666666666666
8888,2016-07-05 04:00:00,7,5,4,14400.0,Montalban,0,0,0,0,0,0,20.64,10.058865489759564,619.2,0.0162449378064592,0.035,0.002
8889,2016-07-05 04:00:00,7,5,4,14400.0,Sto_Nino,14420,0,0,0,0,0,12.12,19.60120234595522,799.92,0.0245039533277768,0.033,0.0006666666666666
8890,2016-07-05 05:00:00,7,5,5,18000.0,Montalban,0,0,0,0,0,0,20.63,9.958637192825556,618.9,0.0160908663642358,0.035,0.002
8891,2016-07-05 05:00:00,7,5,5,18000.0,Sto_Nino,14420,0,0,0,0,0,12.1,19.141618999995096,798.6,0.0239689694465252,0.033,0.0006666666666666
8892,2016-07-05 06:00:00,7,5,6,21600.0,Montalban,0,0,0,0,0,0,20.63,9.958637192825556,618.9,0.0160908663642358,0.035,0.002
8893,2016-07-05 06:00:00,7,5,6,21600.0,Sto_Nino,14420,0,0,0,0,0,12.09,18.915096867258104,797.9399999999999,0.0237049112304911,0.033,0.0006666666666666
8894,2016-07-05 07:00:00,7,5,7,25200.0,Montalban,0,0,0,0,0,0,20.63,9.958637192825556,618.9,0.0160908663642358,0.035,0.002
8895,2016-07-05 07:00:00,7,5,7,25200.0,Sto_Nino,14420,0,0,0,0,0,12.09,18.915096867258104,797.9399999999999,0.0237049112304911,0.033,0.0006666666666666
8896,2016-07-05 08:00:00,7,5,8,28800.0,Montalban,0,0,0,0,0,0,20.63,9.958637192825556,618.9,0.0160908663642358,0.035,0.002
8897,2016-07-05 08:00:00,7,5,8,28800.0,Sto_Nino,14420,0,0,0,0,0,12.08,18.690733531405485,797.28,0.0234431235342733,0.033,0.0006666666666666
8898,2016-07-05 09:00:00,7,5,9,32400.0,Montalban,0,0,0,0,0,0,20.62,9.859388318863228,618.6,0.0159382287728147,0.035,0.002
8899,2016-07-05 09:00:00,7,5,9,32400.0,Sto_Nino,14420,0,0,0,0,0,12.08,18.690733531405485,797.28,0.0234431235342733,0.033,0.0006666666666666
8900,2016-07-05 10:00:00,7,5,10,36000.0,Montalban,0,0,0,0,0,0,20.62,9.859388318863228,618.6,0.0159382287728147,0.035,0.002
8901,2016-07-05 10:00:00,7,5,10,36000.0,Sto_Nino,14420,0,0,0,0,0,12.08,18.690733531405485,797.28,0.0234431235342733,0.033,0.0006666666666666
8902,2016-07-05 11:00:00,7,5,11,39600.0,Montalban,0,0,0,0,0,0,20.62,9.859388318863228,618.6,0.0159382287728147,0.035,0.002
8903,2016-07-05 11:00:00,7,5,11,39600.0,Sto_Nino,14420,0,0,0,0,0,12.07,18.46851341548696,796.62,0.0231835924474491,0.033,0.0006666666666666
8904,2016-07-05 12:00:00,7,5,12,43200.0,Montalban,0,0,0,0,0,0,20.61,9.76110948540043,618.3,0.0157870119446877,0.035,0.002
8905,2016-07-05 12:00:00,7,5,12,43200.0,Sto_Nino,14420,0,0,0,0,0,12.07,18.46851341548696,796.62,0.0231835924474491,0.033,0.0006666666666666
8906,2016-07-05 13:00:00,7,5,13,46800.0,Montalban,0,0,0,0,2,0,20.61,9.76110948540043,618.3,0.0157870119446877,0.035,0.002
8907,2016-07-05 13:00:00,7,5,13,46800.0,Sto_Nino,14420,0,0,0,2,0,12.09,18.915096867258104,797.9399999999999,0.0237049112304911,0.033,0.0006666666666666
8908,2016-07-05 14:00:00,7,5,14,50400.0,Montalban,0,0,0,0,0,0,20.61,9.76110948540043,618.3,0.0157870119446877,0.035,0.002
8909,2016-07-05 14:00:00,7,5,14,50400.0,Sto_Nino,14420,0,0,0,0,0,12.11,19.3703155829342,799.26,0.0242353121423994,0.033,0.0006666666666666
8910,2016-07-05 15:00:00,7,5,15,54000.0,Montalban,0,0,0,0,1,0,20.6,9.66379139804004,618.0,0.0156372029094499,0.035,0.002
8911,2016-07-05 15:00:00,7,5,15,54000.0,Sto_Nino,14420,0,0,0,1,0,12.11,19.3703155829342,799.26,0.0242353121423994,0.033,0.0006666666666666
8912,2016-07-05 16:00:00,7,5,16,57600.0,Montalban,0,0,0,0,0,0,20.6,9.66379139804004,618.0,0.0156372029094499,0.035,0.002
8913,2016-07-05 16:00:00,7,5,16,57600.0,Sto_Nino,14420,0,0,0,0,0,12.12,19.60120234595522,799.92,0.0245039533277768,0.033,0.0006666666666666
8914,2016-07-05 17:00:00,7,5,17,61200.0,Montalban,0,0,1,0,0,0,20.6,9.66379139804004,618.0,0.0156372029094499,0.035,0.002
8915,2016-07-05 17:00:00,7,5,17,61200.0,Sto_Nino,14420,0,1,0,0,0,12.12,19.60120234595522,799.92,0.0245039533277768,0.033,0.0006666666666666
8916,2016-07-05 18:00:00,7,5,18,64800.0,Montalban,0,23,15,0,0,0,20.7,10.681339877152114,621.0,0.0172002252450114,0.035,0.002
8917,2016-07-05 18:00:00,7,5,18,64800.0,Sto_Nino,14420,23,15,0,0,0,12.67,36.16656712814314,836.22,0.0432500623378335,0.033,0.0006666666666666
8918,2016-07-05 19:00:00,7,5,19,68400.0,Montalban,0,16,25,0,26,0,20.78,11.570372003245286,623.4000000000001,0.0185601090844486,0.035,0.002
8919,2016-07-05 19:00:00,7,5,19,68400.0,Sto_Nino,14420,16,25,0,26,0,13.05,53.09111809699288,861.3000000000001,0.0616406804794994,0.033,0.0006666666666666
8920,2016-07-05 20:00:00,7,5,20,72000.0,Montalban,0,0,0,0,1,0,20.71,10.788694415899188,621.3000000000001,0.0173647101495238,0.035,0.002
8921,2016-07-05 20:00:00,7,5,20,72000.0,Sto_Nino,14420,0,0,0,1,0,13.36,71.16807690204011,881.76,0.0807113918776539,0.033,0.0006666666666666
8922,2016-07-05 21:00:00,7,5,21,75600.0,Montalban,0,0,0,0,0,0,20.68,10.469763685249216,620.4,0.0168758279904081,0.035,0.002
8923,2016-07-05 21:00:00,7,5,21,75600.0,Sto_Nino,14420,0,0,0,0,0,13.42,75.17824793828413,885.72,0.0848781194263244,0.033,0.0006666666666666
8924,2016-07-05 22:00:00,7,5,22,79200.0,Montalban,0,0,0,0,0,0,20.67,10.365522081450049,620.1,0.0167158878913885,0.035,0.002
8925,2016-07-05 22:00:00,7,5,22,79200.0,Sto_Nino,14420,0,0,0,0,0,13.36,71.16807690204011,881.76,0.0807113918776539,0.033,0.0006666666666666
8926,2016-07-05 23:00:00,7,5,23,82800.0,Montalban,0,0,0,0,0,0,20.62,9.859388318863228,618.6,0.0159382287728147,0.035,0.002
8927,2016-07-05 23:00:00,7,5,23,82800.0,Sto_Nino,14420,0,0,0,0,0,13.25,64.26307839456854,874.5,0.0734855098851555,0.033,0.0006666666666666
8928,2016-07-06 00:00:00,7,6,0,86400.0,Montalban,0,0,0,0,0,0,20.7,10.681339877152114,621.0,0.0172002252450114,0.035,0.002
8929,2016-07-06 00:00:00,7,6,0,86400.0,Sto_Nino,14420,0,0,0,0,0,13.13,57.35512702787372,866.58,0.0661856112855982,0.033,0.0006666666666666
8930,2016-07-06 01:00:00,7,6,1,90000.0,Montalban,0,0,0,0,0,0,20.71,10.788694415899188,621.3000000000001,0.0173647101495238,0.035,0.002
8931,2016-07-06 01:00:00,7,6,1,90000.0,Sto_Nino,14420,0,0,0,0,0,13.01,51.05681159388232,858.66,0.0594610341623952,0.033,0.0006666666666666
8932,2016-07-06 02:00:00,7,6,2,93600.0,Montalban,0,0,0,0,0,0,20.71,10.788694415899188,621.3000000000001,0.0173647101495238,0.035,0.002
8933,2016-07-06 02:00:00,7,6,2,93600.0,Sto_Nino,14420,0,0,0,0,0,12.9,45.78338549836073,851.4,0.0537742371369047,0.033,0.0006666666666666
8934,2016-07-06 03:00:00,7,6,3,97200.0,Montalban,0,0,0,0,0,0,20.7,10.681339877152114,621.0,0.0172002252450114,0.035,0.002
8935,2016-07-06 03:00:00,7,6,3,97200.0,Sto_Nino,14420,0,0,0,0,0,12.81,41.80241169422987,845.46,0.0494433937669787,0.033,0.0006666666666666
8936,2016-07-06 04:00:00,7,6,4,100800.0,Montalban,0,0,0,0,0,0,20.69,10.575032974368304,620.7,0.0170372691708849,0.035,0.002
8937,2016-07-06 04:00:00,7,6,4,100800.0,Sto_Nino,14420,0,0,0,0,0,12.72,38.10443405923915,839.5200000000001,0.0453883577034962,0.033,0.0006666666666666
8938,2016-07-06 05:00:00,7,6,5,104400.0,Montalban,0,0,0,0,0,0,20.68,10.469763685249216,620.4,0.0168758279904081,0.035,0.002
8939,2016-07-06 05:00:00,7,6,5,104400.0,Sto_Nino,14420,0,0,0,0,0,12.65,35.413958771008275,834.9,0.0424170065528905,0.033,0.0006666666666666
8940,2016-07-06 06:00:00,7,6,6,108000.0,Montalban,0,0,0,0,0,0,20.68,10.469763685249216,620.4,0.0168758279904081,0.035,0.002
8941,2016-07-06 06:00:00,7,6,6,108000.0,Sto_Nino,14420,0,0,0,0,0,12.59,33.23130082281963,830.9399999999999,0.0399924192153701,0.033,0.0006666666666666
8942,2016-07-06 07:00:00,7,6,7,111600.0,Montalban,0,0,0,0,0,0,20.69,10.575032974368304,620.7,0.0170372691708849,0.035,0.002
8943,2016-07-06 07:00:00,7,6,7,111600.0,Sto_Nino,14420,0,0,0,0,0,12.53,31.15805863006833,826.9799999999999,0.037676919187971,0.033,0.0006666666666666
8944,2016-07-06 08:00:00,7,6,8,115200.0,Montalban,0,0,0,0,0,0,20.69,10.575032974368304,620.7,0.0170372691708849,0.035,0.002
8945,2016-07-06 08:00:00,7,6,8,115200.0,Sto_Nino,14420,0,0,0,0,0,12.49,29.834607595427656,824.34,0.036192114413261,0.033,0.0006666666666666
8946,2016-07-06 09:00:00,7,6,9,118800.0,Montalban,0,0,0,0,0,0,20.69,10.575032974368304,620.7,0.0170372691708849,0.035,0.002
8947,2016-07-06 09:00:00,7,6,9,118800.0,Sto_Nino,14420,0,0,0,0,0,12.45,28.556703438884867,821.6999999999999,0.0347531987816537,0.033,0.0006666666666666
8948,2016-07-06 10:00:00,7,6,10,122400.0,Montalban,0,0,0,0,0,0,20.69,10.575032974368304,620.7,0.0170372691708849,0.035,0.002
8949,2016-07-06 10:00:00,7,6,10,122400.0,Sto_Nino,14420,0,0,0,0,0,12.42,27.627446311561915,819.72,0.0337035162147585,0.033,0.0006666666666666
8950,2016-07-06 11:00:00,7,6,11,126000.0,Montalban,0,0,0,0,0,0,20.69,10.575032974368304,620.7,0.0170372691708849,0.035,0.002
8951,2016-07-06 11:00:00,7,6,11,126000.0,Sto_Nino,14420,0,0,0,0,0,12.39,26.72264128355256,817.74,0.0326786524855731,0.033,0.0006666666666666
8952,2016-07-06 12:00:00,7,6,12,129600.0,Montalban,0,0,0,0,0,0,20.69,10.575032974368304,620.7,0.0170372691708849,0.035,0.002
8953,2016-07-06 12:00:00,7,6,12,129600.0,Sto_Nino,14420,0,0,0,0,0,12.37,26.13278058826683,816.42,0.0320089911911354,0.033,0.0006666666666666
8954,2016-07-06 13:00:00,7,6,13,133200.0,Montalban,0,0,0,0,0,0,20.69,10.575032974368304,620.7,0.0170372691708849,0.035,0.002
8955,2016-07-06 13:00:00,7,6,13,133200.0,Sto_Nino,14420,0,0,0,0,0,12.35,25.55342664959657,815.1,0.0313500510975298,0.033,0.0006666666666666
8956,2016-07-06 14:00:00,7,6,14,136800.0,Montalban,0,0,0,0,0,0,20.7,10.681339877152114,621.0,0.0172002252450114,0.035,0.002
8957,2016-07-06 14:00:00,7,6,14,136800.0,Sto_Nino,14420,0,0,0,0,0,12.33,24.98443748226913,813.78,0.0307017098998121,0.033,0.0006666666666666
8958,2016-07-06 15:00:00,7,6,15,140400.0,Montalban,0,0,0,0,0,0,20.7,10.681339877152114,621.0,0.0172002252450114,0.035,0.002
8959,2016-07-06 15:00:00,7,6,15,140400.0,Sto_Nino,14420,0,0,0,0,0,12.31,24.42567240405023,812.46,0.0300638461020237,0.033,0.0006666666666666
8960,2016-07-06 16:00:00,7,6,16,144000.0,Montalban,0,0,0,0,0,0,20.72,10.89710670773202,621.5999999999999,0.0175307379468018,0.035,0.002
8961,2016-07-06 16:00:00,7,6,16,144000.0,Sto_Nino,14420,0,0,0,0,0,12.3,24.150080289917764,811.8000000000001,0.0297488054815444,0.033,0.0006666666666666
8962,2016-07-06 17:00:00,7,6,17,147600.0,Montalban,0,0,0,0,0,0,20.69,10.575032974368304,620.7,0.0170372691708849,0.035,0.002
8963,2016-07-06 17:00:00,7,6,17,147600.0,Sto_Nino,14420,0,0,0,0,0,12.29,23.876992029486093,811.14,0.0294363390160589,0.033,0.0006666666666666
8964,2016-07-06 18:00:00,7,6,18,151200.0,Montalban,0,2,0,0,1,0,20.69,10.575032974368304,620.7,0.0170372691708849,0.035,0.002
8965,2016-07-06 18:00:00,7,6,18,151200.0,Sto_Nino,14420,2,0,0,1,0,12.28,23.60639040116929,810.4799999999999,0.0291264317455943,0.033,0.0006666666666666
8966,2016-07-06 19:00:00,7,6,19,154800.0,Montalban,0,1,0,0,0,1,20.84,12.28437491920204,625.2,0.0196487122827927,0.035,0.002
8967,2016-07-06 19:00:00,7,6,19,154800.0,Sto_Nino,14420,1,0,0,0,1,12.28,23.60639040116929,810.4799999999999,0.0291264317455943,0.033,0.0006666666666666
8968,2016-07-06 20:00:00,7,6,20,158400.0,Montalban,0,0,0,0,0,0,20.94,13.571524900989004,628.2,0.0216038282409885,0.035,0.002
8969,2016-07-06 20:00:00,7,6,20,158400.0,Sto_Nino,14420,0,0,0,0,0,12.28,23.60639040116929,810.4799999999999,0.0291264317455943,0.033,0.0006666666666666
8970,2016-07-06 21:00:00,7,6,21,162000.0,Montalban,0,0,0,0,0,0,20.84,12.28437491920204,625.2,0.0196487122827927,0.035,0.002
8971,2016-07-06 21:00:00,7,6,21,162000.0,Sto_Nino,14420,0,0,0,0,0,12.27,23.338258263648267,809.8199999999999,0.0288190687605248,0.033,0.0006666666666666
8972,2016-07-06 22:00:00,7,6,22,165600.0,Montalban,0,0,0,0,0,0,20.78,11.570372003245286,623.4000000000001,0.0185601090844486,0.035,0.002
8973,2016-07-06 22:00:00,7,6,22,165600.0,Sto_Nino,14420,0,0,0,0,0,12.28,23.60639040116929,810.4799999999999,0.0291264317455943,0.033,0.0006666666666666
8974,2016-07-06 23:00:00,7,6,23,169200.0,Montalban,0,0,0,0,0,0,20.75,11.228792713830725,622.5,0.0180382212270373,0.035,0.002
8975,2016-07-06 23:00:00,7,6,23,169200.0,Sto_Nino,14420,0,0,0,0,0,12.3,24.150080289917764,811.8000000000001,0.0297488054815444,0.033,0.0006666666666666
8976,2016-07-07 00:00:00,7,7,0,172800.0,Montalban,0,0,0,0,0,0,20.73,11.006586965475265,621.9,0.0176983228259772,0.035,0.002
8977,2016-07-07 00:00:00,7,7,0,172800.0,Sto_Nino,14420,0,0,0,0,0,12.3,24.150080289917764,811.8000000000001,0.0297488054815444,0.033,0.0006666666666666
8978,2016-07-07 01:00:00,7,7,1,176400.0,Montalban,0,0,0,0,0,0,20.71,10.788694415899188,621.3000000000001,0.0173647101495238,0.035,0.002
8979,2016-07-07 01:00:00,7,7,1,176400.0,Sto_Nino,14420,0,0,0,0,0,12.3,24.150080289917764,811.8000000000001,0.0297488054815444,0.033,0.0006666666666666
8980,2016-07-07 02:00:00,7,7,2,180000.0,Montalban,0,0,0,0,0,0,20.7,10.681339877152114,621.0,0.0172002252450114,0.035,0.002
8981,2016-07-07 02:00:00,7,7,2,180000.0,Sto_Nino,14420,0,0,0,0,0,12.29,23.876992029486093,811.14,0.0294363390160589,0.033,0.0006666666666666
8982,2016-07-07 03:00:00,7,7,3,183600.0,Montalban,0,1,0,1,0,0,20.68,10.469763685249216,620.4,0.0168758279904081,0.035,0.002
8983,2016-07-07 03:00:00,7,7,3,183600.0,Sto_Nino,14420,1,0,1,0,0,12.27,23.338258263648267,809.8199999999999,0.0288190687605248,0.033,0.0006666666666666
8984,2016-07-07 04:00:00,7,7,4,187200.0,Montalban,0,0,0,0,0,0,20.67,10.365522081450049,620.1,0.0167158878913885,0.035,0.002
8985,2016-07-07 04:00:00,7,7,4,187200.0,Sto_Nino,14420,0,0,0,0,0,12.25,22.80933429588041,808.5,0.0282119162595923,0.033,0.0006666666666666
8986,2016-07-07 05:00:00,7,7,5,190800.0,Montalban,0,0,0,0,0,0,20.67,10.365522081450049,620.1,0.0167158878913885,0.035,0.002
8987,2016-07-07 05:00:00,7,7,5,190800.0,Sto_Nino,14420,0,0,0,0,0,12.23,22.290084593548013,807.1800000000001,0.0276147632418395,0.033,0.0006666666666666
8988,2016-07-07 06:00:00,7,7,6,194400.0,Montalban,0,0,0,0,0,0,20.67,10.365522081450049,620.1,0.0167158878913885,0.035,0.002
8989,2016-07-07 06:00:00,7,7,6,194400.0,Sto_Nino,14420,0,0,0,0,0,12.21,21.78037489579036,805.86,0.0270274922390866,0.033,0.0006666666666666
8990,2016-07-07 07:00:00,7,7,7,198000.0,Montalban,0,0,0,0,0,0,20.67,10.365522081450049,620.1,0.0167158878913885,0.035,0.002
8991,2016-07-07 07:00:00,7,7,7,198000.0,Sto_Nino,14420,0,0,0,0,0,12.21,21.78037489579036,805.86,0.0270274922390866,0.033,0.0006666666666666
8992,2016-07-07 08:00:00,7,7,8,201600.0,Montalban,0,5,2,4,2,0,20.67,10.365522081450049,620.1,0.0167158878913885,0.035,0.002
8993,2016-07-07 08:00:00,7,7,8,201600.0,Sto_Nino,14420,5,2,4,2,0,12.23,22.290084593548013,807.1800000000001,0.0276147632418395,0.033,0.0006666666666666
8994,2016-07-07 09:00:00,7,7,9,205200.0,Montalban,0,3,1,1,0,0,20.73,11.006586965475265,621.9,0.0176983228259772,0.035,0.002
8995,2016-07-07 09:00:00,7,7,9,205200.0,Sto_Nino,14420,3,1,1,0,0,12.32,24.703785673931947,813.12,0.0303814758878541,0.033,0.0006666666666666
8996,2016-07-07 10:00:00,7,7,10,208800.0,Montalban,0,0,0,1,16,2,21.06,15.291450442041524,631.8,0.0242029921526456,0.035,0.002
8997,2016-07-07 10:00:00,7,7,10,208800.0,Sto_Nino,14420,0,0,1,16,2,12.5,30.161153216567723,825.0,0.0365589735958396,0.033,0.0006666666666666
8998,2016-07-07 11:00:00,7,7,11,212400.0,Montalban,0,2,1,0,2,2,21.35,20.379112622321355,640.5,0.0318175060457788,0.035,0.002
8999,2016-07-07 11:00:00,7,7,11,212400.0,Sto_Nino,14420,2,1,0,2,2,12.6,33.58736391801579,831.6,0.0403888455002594,0.033,0.0006666666666666
9000,2016-07-07 12:00:00,7,7,12,216000.0,Montalban,0,1,0,0,0,0,21.46,22.71522960225333,643.8000000000001,0.0352830531255876,0.035,0.002
9001,2016-07-07 12:00:00,7,7,12,216000.0,Sto_Nino,14420,1,0,0,0,0,12.66,35.788673479741675,835.5600000000001,0.0428319611754292,0.033,0.0006666666666666
9002,2016-07-07 13:00:00,7,7,13,219600.0,Montalban,0,0,0,0,0,0,21.41,21.622500311809127,642.3,0.0336641761043268,0.035,0.002
9003,2016-07-07 13:00:00,7,7,13,219600.0,Sto_Nino,14420,0,0,0,0,0,12.72,38.10443405923915,839.5200000000001,0.0453883577034962,0.033,0.0006666666666666
9004,2016-07-07 14:00:00,7,7,14,223200.0,Montalban,0,0,0,0,0,0,21.29,19.20591096194768,638.6999999999999,0.0300703162078404,0.035,0.002
9005,2016-07-07 14:00:00,7,7,14,223200.0,Sto_Nino,14420,0,0,0,0,0,12.79,40.95673620874794,844.14,0.0485188904787688,0.033,0.0006666666666666
9006,2016-07-07 15:00:00,7,7,15,226800.0,Montalban,0,0,0,0,0,0,21.2,17.56926149098654,636.0,0.0276246249858278,0.035,0.002
9007,2016-07-07 15:00:00,7,7,15,226800.0,Sto_Nino,14420,0,0,0,0,0,12.84,43.09717813798625,847.4399999999999,0.0508557280019662,0.033,0.0006666666666666
9008,2016-07-07 16:00:00,7,7,16,230400.0,Montalban,0,0,0,0,0,0,21.14,16.554976105568546,634.2,0.0261037150828895,0.035,0.002
9009,2016-07-07 16:00:00,7,7,16,230400.0,Sto_Nino,14420,0,0,0,0,0,12.86,43.97811173523049,848.76,0.0518145432574938,0.033,0.0006666666666666
9010,2016-07-07 17:00:00,7,7,17,234000.0,Montalban,0,0,0,0,0,0,21.1,15.910919826012854,633.0,0.0251357343222951,0.035,0.002
9011,2016-07-07 17:00:00,7,7,17,234000.0,Sto_Nino,14420,0,0,0,0,0,12.87,44.42397113909973,849.42,0.0522991819583948,0.033,0.0006666666666666
9012,2016-07-07 18:00:00,7,7,18,237600.0,Montalban,0,4,1,0,0,1,21.07,15.444063702075498,632.1,0.0244329436830809,0.035,0.002
9013,2016-07-07 18:00:00,7,7,18,237600.0,Sto_Nino,14420,4,1,0,0,1,12.85,43.53585474467983,848.1,0.0513333978831267,0.033,0.0006666666666666
9014,2016-07-07 19:00:00,7,7,19,241200.0,Montalban,0,0,0,0,0,0,21.07,15.444063702075498,632.1,0.0244329436830809,0.035,0.002
9015,2016-07-07 19:00:00,7,7,19,241200.0,Sto_Nino,14420,0,0,0,0,0,12.82,42.23047841445401,846.12,0.0499107436468278,0.033,0.0006666666666666
9016,2016-07-07 20:00:00,7,7,20,244800.0,Montalban,0,0,3,2,0,0,21.04,14.99064679641753,631.1999999999999,0.0237494404252495,0.035,0.002
9017,2016-07-07 20:00:00,7,7,20,244800.0,Sto_Nino,14420,0,3,2,0,0,12.78,40.53908438355313,843.4799999999999,0.0480617019769919,0.033,0.0006666666666666
9018,2016-07-07 21:00:00,7,7,21,248400.0,Montalban,0,0,0,1,1,0,21.02,14.695647298681637,630.6,0.0233042297790701,0.035,0.002
9019,2016-07-07 21:00:00,7,7,21,248400.0,Sto_Nino,14420,0,0,1,1,0,12.74,38.9025517024516,840.84,0.0462662952552823,0.033,0.0006666666666666
9020,2016-07-07 22:00:00,7,7,22,252000.0,Montalban,0,0,0,0,0,0,21.06,15.291450442041524,631.8,0.0242029921526456,0.035,0.002
9021,2016-07-07 22:00:00,7,7,22,252000.0,Sto_Nino,14420,0,0,0,0,0,12.72,38.10443405923915,839.5200000000001,0.0453883577034962,0.033,0.0006666666666666
9022,2016-07-07 23:00:00,7,7,23,255600.0,Montalban,0,1,1,0,2,0,21.11,16.069592150850593,633.3,0.0253743757316447,0.035,0.002
9023,2016-07-07 23:00:00,7,7,23,255600.0,Sto_Nino,14420,1,1,0,2,0,12.75,39.30661611024504,841.5,0.0467101795724837,0.033,0.0006666666666666
9024,2016-07-08 00:00:00,7,8,0,259200.0,Montalban,0,21,0,2,2,0,21.11,16.069592150850593,633.3,0.0253743757316447,0.035,0.002
9025,2016-07-08 00:00:00,7,8,0,259200.0,Sto_Nino,14420,21,0,2,2,0,12.75,39.30661611024504,841.5,0.0467101795724837,0.033,0.0006666666666666
9026,2016-07-08 01:00:00,7,8,1,262800.0,Montalban,0,5,2,2,3,0,21.12,16.229815708409838,633.6,0.0256152394387781,0.035,0.002
9027,2016-07-08 01:00:00,7,8,1,262800.0,Sto_Nino,14420,5,2,2,3,0,12.82,42.23047841445401,846.12,0.0499107436468278,0.033,0.0006666666666666
9028,2016-07-08 02:00:00,7,8,2,266400.0,Montalban,0,4,4,6,1,0,21.19,17.396081194476935,635.7,0.0273652370528188,0.035,0.002
9029,2016-07-08 02:00:00,7,8,2,266400.0,Sto_Nino,14420,4,4,6,1,0,12.85,43.53585474467983,848.1,0.0513333978831267,0.033,0.0006666666666666
9030,2016-07-08 03:00:00,7,8,3,270000.0,Montalban,0,2,1,2,0,0,21.81,32.03483548063237,654.3,0.048960469938304,0.035,0.002
9031,2016-07-08 03:00:00,7,8,3,270000.0,Sto_Nino,14420,2,1,2,0,0,12.87,44.42397113909973,849.42,0.0522991819583948,0.033,0.0006666666666666
9032,2016-07-08 04:00:00,7,8,4,273600.0,Montalban,0,3,2,2,2,0,21.22,17.920708584140648,636.5999999999999,0.0281506575308524,0.035,0.002
9033,2016-07-08 04:00:00,7,8,4,273600.0,Sto_Nino,14420,3,2,2,2,0,12.87,44.42397113909973,849.42,0.0522991819583948,0.033,0.0006666666666666
9034,2016-07-08 05:00:00,7,8,5,277200.0,Montalban,0,1,2,2,0,0,21.32,19.783986591274857,639.6,0.0309318114310113,0.035,0.002
9035,2016-07-08 05:00:00,7,8,5,277200.0,Sto_Nino,14420,1,2,2,0,0,13.29,66.70867252987908,877.14,0.0760524802538694,0.033,0.0006666666666666
9036,2016-07-08 06:00:00,7,8,6,280800.0,Montalban,0,21,18,16,16,0,21.43,22.053263570147816,642.9,0.0343027898120202,0.035,0.002
9037,2016-07-08 06:00:00,7,8,6,280800.0,Sto_Nino,14420,21,18,16,16,0,13.62,89.8764013564249,898.92,0.0999826473506262,0.033,0.0006666666666666
9038,2016-07-08 07:00:00,7,8,7,284400.0,Montalban,0,7,7,8,5,0,21.49,23.39666713567573,644.6999999999999,0.0362907819694055,0.035,0.002
9039,2016-07-08 07:00:00,7,8,7,284400.0,Sto_Nino,14420,7,7,8,5,0,13.7,96.36528294263002,904.2,0.1065751857361535,0.033,0.0006666666666666
9040,2016-07-08 08:00:00,7,8,8,288000.0,Montalban,0,12,6,11,13,0,21.84,32.98934435048753,655.2,0.0503500371649687,0.035,0.002
9041,2016-07-08 08:00:00,7,8,8,288000.0,Sto_Nino,14420,12,6,11,13,0,13.7,96.36528294263002,904.2,0.1065751857361535,0.033,0.0006666666666666
9042,2016-07-08 09:00:00,7,8,9,291600.0,Montalban,0,11,6,12,8,1,22.09,42.10666361026526,662.7,0.0635380467938211,0.035,0.002
9043,2016-07-08 09:00:00,7,8,9,291600.0,Sto_Nino,14420,11,6,12,8,1,13.59,87.53561134576006,896.9399999999999,0.0975936086536,0.033,0.0006666666666666
9044,2016-07-08 10:00:00,7,8,10,295200.0,Montalban,0,2,6,7,2,0,22.71,76.73969273209157,681.3000000000001,0.1126371535771195,0.035,0.002
9045,2016-07-08 10:00:00,7,8,10,295200.0,Sto_Nino,14420,2,6,7,2,0,13.63,90.66774285696306,899.58,0.1007889713610385,0.033,0.0006666666666666
9046,2016-07-08 11:00:00,7,8,11,298800.0,Montalban,0,5,9,5,12,1,23.24,127.48484021284972,697.1999999999999,0.1828526107470593,0.035,0.002
9047,2016-07-08 11:00:00,7,8,11,298800.0,Sto_Nino,14420,5,9,5,12,1,13.77,102.34699424271837,908.82,0.1126152530123878,0.033,0.0006666666666666
9048,2016-07-08 12:00:00,7,8,12,302400.0,Montalban,0,7,19,27,3,0,23.6,179.45540943727647,708.0,0.2534680924255317,0.035,0.002
9049,2016-07-08 12:00:00,7,8,12,302400.0,Sto_Nino,14420,7,19,27,3,0,13.99,123.11629945954402,923.34,0.1333379897540927,0.033,0.0006666666666666
9050,2016-07-08 13:00:00,7,8,13,306000.0,Montalban,0,2,3,2,3,0,23.88,233.76250574922184,716.4,0.3263016551496676,0.035,0.002
9051,2016-07-08 13:00:00,7,8,13,306000.0,Sto_Nino,14420,2,3,2,3,0,14.27,154.31144511477893,941.82,0.163843882180012,0.033,0.0006666666666666
9052,2016-07-08 14:00:00,7,8,14,309600.0,Montalban,0,1,0,1,0,0,23.94,247.34435928850263,718.2,0.3443948193936266,0.035,0.002
9053,2016-07-08 14:00:00,7,8,14,309600.0,Sto_Nino,14420,1,0,1,0,0,14.39,169.48697480047036,949.74,0.1784561825346625,0.033,0.0006666666666666
9054,2016-07-08 15:00:00,7,8,15,313200.0,Montalban,0,0,0,0,0,0,23.93,245.02817486317312,717.9,0.3413124040439798,0.035,0.002
9055,2016-07-08 15:00:00,7,8,15,313200.0,Sto_Nino,14420,0,0,0,0,0,14.44,176.15353484576184,953.04,0.1848333069396477,0.033,0.0006666666666666
9056,2016-07-08 16:00:00,7,8,16,316800.0,Montalban,0,0,0,0,0,0,23.79,214.7501307375308,713.6999999999999,0.3008969185057178,0.035,0.002
9057,2016-07-08 16:00:00,7,8,16,316800.0,Sto_Nino,14420,0,0,0,0,0,14.49,183.0291650893416,956.34,0.191385035750195,0.033,0.0006666666666666
9058,2016-07-08 17:00:00,7,8,17,320400.0,Montalban,0,1,1,0,1,0,23.56,172.78480563639226,706.8,0.2444606757730507,0.035,0.002
9059,2016-07-08 17:00:00,7,8,17,320400.0,Sto_Nino,14420,1,1,0,1,0,14.51,185.83905522168905,957.66,0.1940553591271318,0.033,0.0006666666666666
9060,2016-07-08 18:00:00,7,8,18,324000.0,Montalban,0,0,0,0,0,0,23.31,136.27329213127655,699.3,0.194871002618728,0.035,0.002
9061,2016-07-08 18:00:00,7,8,18,324000.0,Sto_Nino,14420,0,0,0,0,0,14.5,184.42981072820888,957.0,0.1927166256303123,0.033,0.0006666666666666
9062,2016-07-08 19:00:00,7,8,19,327600.0,Montalban,0,0,0,0,0,0,23.04,105.32467513630635,691.1999999999999,0.1523794489819247,0.035,0.002
9063,2016-07-08 19:00:00,7,8,19,327600.0,Sto_Nino,14420,0,0,0,0,0,14.4,170.80379452834876,950.4,0.1797177972730942,0.033,0.0006666666666666
9064,2016-07-08 20:00:00,7,8,20,331200.0,Montalban,0,0,0,0,0,0,22.81,84.4849666540481,684.3,0.123461883171194,0.035,0.002
9065,2016-07-08 20:00:00,7,8,20,331200.0,Sto_Nino,14420,0,0,0,0,0,14.26,153.09786719943335,941.16,0.1626693306126836,0.033,0.0006666666666666
9066,2016-07-08 21:00:00,7,8,21,334800.0,Montalban,0,0,0,0,0,0,22.6,69.02305682010756,678.0,0.1018039186137279,0.035,0.002
9067,2016-07-08 21:00:00,7,8,21,334800.0,Sto_Nino,14420,0,0,0,0,0,14.08,132.5315893961762,929.28,0.1426174989197833,0.033,0.0006666666666666
9068,2016-07-08 22:00:00,7,8,22,338400.0,Montalban,0,0,0,0,0,0,22.45,59.71426340947081,673.5,0.0886626034290583,0.035,0.002
9069,2016-07-08 22:00:00,7,8,22,338400.0,Sto_Nino,14420,0,0,0,0,0,13.88,112.34650047248311,916.08,0.1226383072138711,0.033,0.0006666666666666
9070,2016-07-08 23:00:00,7,8,23,342000.0,Montalban,0,0,0,0,0,0,22.31,52.14296339307704,669.3,0.07790671357101,0.035,0.002
9071,2016-07-08 23:00:00,7,8,23,342000.0,Sto_Nino,14420,0,0,0,0,0,13.69,95.534193857392,903.54,0.1057332202861987,0.033,0.0006666666666666
9072,2016-07-09 00:00:00,7,9,0,345600.0,Montalban,0,0,0,0,0,0,22.19,46.40887053968292,665.7,0.0697143916774566,0.035,0.002
9073,2016-07-09 00:00:00,7,9,0,345600.0,Sto_Nino,14420,0,0,0,0,0,13.58,86.76632804119416,896.28,0.0968071674490049,0.033,0.0006666666666666
9074,2016-07-09 01:00:00,7,9,1,349200.0,Montalban,0,0,0,0,0,0,22.08,41.69859342883662,662.4,0.06295077510392,0.035,0.002
9075,2016-07-09 01:00:00,7,9,1,349200.0,Sto_Nino,14420,0,0,0,0,0,13.44,76.55458267226996,887.04,0.0863034166128584,0.033,0.0006666666666666
9076,2016-07-09 02:00:00,7,9,2,352800.0,Montalban,0,1,1,1,2,0,22.01,38.94869731359971,660.3000000000001,0.0589863657634404,0.035,0.002
9077,2016-07-09 02:00:00,7,9,2,352800.0,Sto_Nino,14420,1,1,1,2,0,13.33,69.22848984231287,879.78,0.0786884105598136,0.033,0.0006666666666666
9078,2016-07-09 03:00:00,7,9,3,356400.0,Montalban,0,2,1,0,2,0,21.94,36.37684502030175,658.2,0.0552671604684013,0.035,0.002
9079,2016-07-09 03:00:00,7,9,3,356400.0,Sto_Nino,14420,2,1,0,2,0,13.21,61.8900439582743,871.86,0.0709862179229168,0.033,0.0006666666666666
9080,2016-07-09 04:00:00,7,9,4,360000.0,Montalban,0,0,0,0,0,0,21.86,33.64111829304837,655.8,0.051297832102849,0.035,0.002
9081,2016-07-09 04:00:00,7,9,4,360000.0,Sto_Nino,14420,0,0,0,0,0,13.09,55.19004372496185,863.9399999999999,0.0638818016586358,0.033,0.0006666666666666
9082,2016-07-09 05:00:00,7,9,5,363600.0,Montalban,0,2,1,1,1,0,21.8,31.722724601092068,654.0,0.0485056951087034,0.035,0.002
9083,2016-07-09 05:00:00,7,9,5,363600.0,Sto_Nino,14420,2,1,1,1,0,12.98,49.572576236342826,856.6800000000001,0.0578659198724644,0.033,0.0006666666666666
9084,2016-07-09 06:00:00,7,9,6,367200.0,Montalban,0,0,0,1,0,0,21.75,30.206347883575265,652.5,0.046293253461418,0.035,0.002
9085,2016-07-09 06:00:00,7,9,6,367200.0,Sto_Nino,14420,0,0,1,0,0,12.39,26.72264128355256,817.74,0.0326786524855731,0.033,0.0006666666666666
9086,2016-07-09 07:00:00,7,9,7,370800.0,Montalban,0,0,1,0,0,0,21.7,28.76110959319645,651.0,0.044179891848228,0.035,0.002
9087,2016-07-09 07:00:00,7,9,7,370800.0,Sto_Nino,14420,0,1,0,0,0,12.8,41.3778381506972,844.8000000000001,0.0489794485685336,0.033,0.0006666666666666
9088,2016-07-09 08:00:00,7,9,8,374400.0,Montalban,0,0,0,0,0,0,21.66,27.653933420462742,649.8,0.0425576076030513,0.035,0.002
9089,2016-07-09 08:00:00,7,9,8,374400.0,Sto_Nino,14420,0,0,0,0,0,12.83,42.66205997695367,846.78,0.0503815158328652,0.033,0.0006666666666666
9090,2016-07-09 09:00:00,7,9,9,378000.0,Montalban,0,0,0,0,1,0,21.62,26.5885796485404,648.6,0.0409938014932784,0.035,0.002
9091,2016-07-09 09:00:00,7,9,9,378000.0,Sto_Nino,14420,0,0,0,1,0,13.03,52.06598265963137,859.9799999999999,0.0605432482844151,0.033,0.0006666666666666
9092,2016-07-09 10:00:00,7,9,10,381600.0,Montalban,0,2,1,0,0,0,21.59,25.816075971767425,647.7,0.039858076226289,0.035,0.002
9093,2016-07-09 10:00:00,7,9,10,381600.0,Sto_Nino,14420,2,1,0,0,0,13.17,59.587931135088766,869.22,0.0685533364799346,0.033,0.0006666666666666
9094,2016-07-09 11:00:00,7,9,11,385200.0,Montalban,0,0,0,0,0,0,21.55,24.82021668892243,646.5,0.0383916731460517,0.035,0.002
9095,2016-07-09 11:00:00,7,9,11,385200.0,Sto_Nino,14420,0,0,0,0,0,13.25,64.26307839456854,874.5,0.0734855098851555,0.033,0.0006666666666666
9096,2016-07-09 12:00:00,7,9,12,388800.0,Montalban,0,0,0,1,0,0,21.51,23.8620527347836,645.3000000000001,0.0369782314191594,0.035,0.002
9097,2016-07-09 12:00:00,7,9,12,388800.0,Sto_Nino,14420,0,0,1,0,0,13.29,66.70867252987908,877.14,0.0760524802538694,0.033,0.0006666666666666
9098,2016-07-09 13:00:00,7,9,13,392400.0,Montalban,0,0,2,2,0,0,21.48,23.167323480600764,644.4,0.035951774488828,0.035,0.002
9099,2016-07-09 13:00:00,7,9,13,392400.0,Sto_Nino,14420,0,2,2,0,0,13.31,67.95919832412594,878.46,0.0773617447853356,0.033,0.0006666666666666
9100,2016-07-09 14:00:00,7,9,14,396000.0,Montalban,0,0,0,0,0,0,21.45,22.492438015948405,643.5,0.0349532836300674,0.035,0.002
9101,2016-07-09 14:00:00,7,9,14,396000.0,Sto_Nino,14420,0,0,0,0,0,13.31,67.95919832412594,878.46,0.0773617447853356,0.033,0.0006666666666666
9102,2016-07-09 15:00:00,7,9,15,399600.0,Montalban,0,0,0,0,0,0,21.44,22.27178940758788,643.2,0.0346265382580657,0.035,0.002
9103,2016-07-09 15:00:00,7,9,15,399600.0,Sto_Nino,14420,0,0,0,0,0,13.31,67.95919832412594,878.46,0.0773617447853356,0.033,0.0006666666666666
9104,2016-07-09 16:00:00,7,9,16,403200.0,Montalban,0,2,1,3,2,0,21.46,22.71522960225333,643.8000000000001,0.0352830531255876,0.035,0.002
9105,2016-07-09 16:00:00,7,9,16,403200.0,Sto_Nino,14420,2,1,3,2,0,13.31,67.95919832412594,878.46,0.0773617447853356,0.033,0.0006666666666666
9106,2016-07-09 17:00:00,7,9,17,406800.0,Montalban,0,0,1,0,0,0,21.78,31.10742141118033,653.4000000000001,0.047608542104653,0.035,0.002
9107,2016-07-09 17:00:00,7,9,17,406800.0,Sto_Nino,14420,0,1,0,0,0,13.37,71.82421940573741,882.42,0.0813945960038727,0.033,0.0006666666666666
9108,2016-07-09 18:00:00,7,9,18,410400.0,Montalban,0,7,3,11,9,2,21.89,34.64251899483405,656.7,0.0527524272800883,0.035,0.002
9109,2016-07-09 18:00:00,7,9,18,410400.0,Sto_Nino,14420,7,3,11,9,2,13.47,78.65697731117437,889.0200000000001,0.0884760492578056,0.033,0.0006666666666666
9110,2016-07-09 19:00:00,7,9,19,414000.0,Montalban,0,0,0,0,0,0,21.85,33.313668441144294,655.5,0.050821767263378,0.035,0.002
9111,2016-07-09 19:00:00,7,9,19,414000.0,Sto_Nino,14420,0,0,0,0,0,13.57,86.00248595243319,895.62,0.0960256425185158,0.033,0.0006666666666666
9112,2016-07-09 20:00:00,7,9,20,417600.0,Montalban,0,0,0,0,1,0,21.74,29.911716104355257,652.1999999999999,0.0458627968481374,0.035,0.002
9113,2016-07-09 20:00:00,7,9,20,417600.0,Sto_Nino,14420,0,0,0,1,0,13.65,92.26722085755128,900.9,0.1024167175685994,0.033,0.0006666666666666
9114,2016-07-09 21:00:00,7,9,21,421200.0,Montalban,0,0,0,0,0,0,21.05,15.140316157031943,631.5,0.0239751641441519,0.035,0.002
9115,2016-07-09 21:00:00,7,9,21,421200.0,Sto_Nino,14420,0,0,0,0,0,13.7,96.36528294263002,904.2,0.1065751857361535,0.033,0.0006666666666666
9116,2016-07-09 22:00:00,7,9,22,424800.0,Montalban,0,0,1,0,0,0,21.6,26.07109969971897,648.0,0.040233178548949,0.035,0.002
9117,2016-07-09 22:00:00,7,9,22,424800.0,Sto_Nino,14420,0,1,0,0,0,13.43,75.86390761156598,886.38,0.0855884695182269,0.033,0.0006666666666666
9118,2016-07-09 23:00:00,7,9,23,428400.0,Montalban,0,1,0,1,0,0,21.65,27.38373563873525,649.5,0.0421612557948194,0.035,0.002
9119,2016-07-09 23:00:00,7,9,23,428400.0,Sto_Nino,14420,1,0,1,0,0,13.12,56.80756885844677,865.92,0.0656037149603274,0.033,0.0006666666666666
9120,2016-07-10 00:00:00,7,10,0,432000.0,Montalban,0,0,0,0,0,0,21.53,24.33651148329559,645.9000000000001,0.0376784509727443,0.035,0.002
9121,2016-07-10 00:00:00,7,10,0,432000.0,Sto_Nino,14420,0,0,0,0,0,12.89,45.32658576215146,850.74,0.0532790109341884,0.033,0.0006666666666666
9122,2016-07-10 01:00:00,7,10,1,435600.0,Montalban,0,0,0,0,0,0,21.52,24.09813720892805,645.6,0.0373267304971004,0.035,0.002
9123,2016-07-10 01:00:00,7,10,1,435600.0,Sto_Nino,14420,0,0,0,0,0,12.89,45.32658576215146,850.74,0.0532790109341884,0.033,0.0006666666666666
9124,2016-07-10 02:00:00,7,10,2,439200.0,Montalban,0,0,0,0,0,0,21.53,24.33651148329559,645.9000000000001,0.0376784509727443,0.035,0.002
9125,2016-07-10 02:00:00,7,10,2,439200.0,Sto_Nino,14420,0,0,0,0,0,12.99,50.06341638820944,857.34,0.0583938885252168,0.033,0.0006666666666666
9126,2016-07-10 03:00:00,7,10,3,442800.0,Montalban,0,1,0,0,0,0,21.55,24.82021668892243,646.5,0.0383916731460517,0.035,0.002
9127,2016-07-10 03:00:00,7,10,3,442800.0,Sto_Nino,14420,1,0,0,0,0,13.06,53.60973177956539,861.96,0.0621951503312977,0.033,0.0006666666666666
9128,2016-07-10 04:00:00,7,10,4,446400.0,Montalban,0,0,0,0,0,0,21.54,24.577197321287223,646.1999999999999,0.0380334220385132,0.035,0.002
9129,2016-07-10 04:00:00,7,10,4,446400.0,Sto_Nino,14420,0,0,0,0,0,13.11,56.26421854992025,865.26,0.0650257940386938,0.033,0.0006666666666666
9130,2016-07-10 05:00:00,7,10,5,450000.0,Montalban,0,0,0,0,0,0,21.52,24.09813720892805,645.6,0.0373267304971004,0.035,0.002
9131,2016-07-10 05:00:00,7,10,5,450000.0,Sto_Nino,14420,0,0,0,0,0,13.14,57.906917626562254,867.24,0.0667715022676101,0.033,0.0006666666666666
9132,2016-07-10 06:00:00,7,10,6,453600.0,Montalban,0,0,0,0,0,0,21.49,23.39666713567573,644.6999999999999,0.0362907819694055,0.035,0.002
9133,2016-07-10 06:00:00,7,10,6,453600.0,Sto_Nino,14420,0,0,0,0,0,13.17,59.587931135088766,869.22,0.0685533364799346,0.033,0.0006666666666666
9134,2016-07-10 07:00:00,7,10,7,457200.0,Montalban,0,0,0,0,0,0,21.46,22.71522960225333,643.8000000000001,0.0352830531255876,0.035,0.002
9135,2016-07-10 07:00:00,7,10,7,457200.0,Sto_Nino,14420,0,0,0,0,0,13.18,60.1568990735292,869.88,0.0691553996798744,0.033,0.0006666666666666
9136,2016-07-10 08:00:00,7,10,8,460800.0,Montalban,0,0,0,0,0,0,21.44,22.27178940758788,643.2,0.0346265382580657,0.035,0.002
9137,2016-07-10 08:00:00,7,10,8,460800.0,Sto_Nino,14420,0,0,0,0,0,13.19,60.73022373909277,870.54,0.0697615545972531,0.033,0.0006666666666666
9138,2016-07-10 09:00:00,7,10,9,464400.0,Montalban,0,0,0,0,0,0,21.42,21.83684048331775,642.6,0.033982011334139,0.035,0.002
9139,2016-07-10 09:00:00,7,10,9,464400.0,Sto_Nino,14420,0,0,0,0,0,13.19,60.73022373909277,870.54,0.0697615545972531,0.033,0.0006666666666666
9140,2016-07-10 10:00:00,7,10,10,468000.0,Montalban,0,0,0,0,0,0,21.42,21.83684048331775,642.6,0.033982011334139,0.035,0.002
9141,2016-07-10 10:00:00,7,10,10,468000.0,Sto_Nino,14420,0,0,0,0,0,13.18,60.1568990735292,869.88,0.0691553996798744,0.033,0.0006666666666666
9142,2016-07-10 11:00:00,7,10,11,471600.0,Montalban,0,0,0,0,0,0,21.41,21.622500311809127,642.3,0.0336641761043268,0.035,0.002
9143,2016-07-10 11:00:00,7,10,11,471600.0,Sto_Nino,14420,0,0,0,0,0,13.17,59.587931135088766,869.22,0.0685533364799346,0.033,0.0006666666666666
9144,2016-07-10 12:00:00,7,10,12,475200.0,Montalban,0,0,0,0,0,0,21.4,21.41022340368244,642.0,0.0333492576381346,0.035,0.002
9145,2016-07-10 12:00:00,7,10,12,475200.0,Sto_Nino,14420,0,0,0,0,0,13.15,58.46296531967963,867.9,0.0673614072124434,0.033,0.0006666666666666
9146,2016-07-10 13:00:00,7,10,13,478800.0,Montalban,0,0,0,0,0,0,21.38,20.991781676611044,641.4,0.0327280662248379,0.035,0.002
9147,2016-07-10 13:00:00,7,10,13,478800.0,Sto_Nino,14420,0,0,0,0,0,13.13,57.35512702787372,866.58,0.0661856112855982,0.033,0.0006666666666666
9148,2016-07-10 14:00:00,7,10,14,482400.0,Montalban,0,0,0,0,0,0,21.36,20.58136169083292,640.8,0.0321182298546081,0.035,0.002
9149,2016-07-10 14:00:00,7,10,14,482400.0,Sto_Nino,14420,0,0,0,0,0,13.11,56.26421854992025,865.26,0.0650257940386938,0.033,0.0006666666666666
9150,2016-07-10 15:00:00,7,10,15,486000.0,Montalban,0,0,0,0,0,0,21.35,20.379112622321355,640.5,0.0318175060457788,0.035,0.002
9151,2016-07-10 15:00:00,7,10,15,486000.0,Sto_Nino,14420,0,0,0,0,0,13.09,55.19004372496185,863.9399999999999,0.0638818016586358,0.033,0.0006666666666666
9152,2016-07-10 16:00:00,7,10,16,489600.0,Montalban,0,0,0,0,0,0,21.33,19.98044340147465,639.9,0.0312243216150564,0.035,0.002
9153,2016-07-10 16:00:00,7,10,16,489600.0,Sto_Nino,14420,0,0,0,0,0,13.06,53.60973177956539,861.96,0.0621951503312977,0.033,0.0006666666666666
9154,2016-07-10 17:00:00,7,10,17,493200.0,Montalban,0,0,0,3,0,0,21.32,19.783986591274857,639.6,0.0309318114310113,0.035,0.002
9155,2016-07-10 17:00:00,7,10,17,493200.0,Sto_Nino,14420,0,0,3,0,0,13.03,52.06598265963137,859.9799999999999,0.0605432482844151,0.033,0.0006666666666666
9156,2016-07-10 18:00:00,7,10,18,496800.0,Montalban,0,0,0,0,0,0,21.31,19.589424158557,639.3,0.0306419899242249,0.035,0.002
9157,2016-07-10 18:00:00,7,10,18,496800.0,Sto_Nino,14420,0,0,0,0,0,13.01,51.05681159388232,858.66,0.0594610341623952,0.033,0.0006666666666666
9158,2016-07-10 19:00:00,7,10,19,500400.0,Montalban,0,0,0,0,0,0,21.29,19.20591096194768,638.6999999999999,0.0300703162078404,0.035,0.002
9159,2016-07-10 19:00:00,7,10,19,500400.0,Sto_Nino,14420,0,0,0,0,0,12.99,50.06341638820944,857.34,0.0583938885252168,0.033,0.0006666666666666
9160,2016-07-10 20:00:00,7,10,20,504000.0,Montalban,0,0,0,0,0,0,21.28,19.016924879433088,638.4000000000001,0.0297884161645255,0.035,0.002
9161,2016-07-10 20:00:00,7,10,20,504000.0,Sto_Nino,14420,0,0,0,0,0,12.97,49.085610041926856,856.0200000000001,0.0573416626269559,0.033,0.0006666666666666
9162,2016-07-10 21:00:00,7,10,21,507600.0,Montalban,0,0,0,0,0,2,21.37,20.785578455660342,641.1,0.0324217414688197,0.035,0.002
9163,2016-07-10 21:00:00,7,10,21,507600.0,Sto_Nino,14420,0,0,0,0,2,12.97,49.085610041926856,856.0200000000001,0.0573416626269559,0.033,0.0006666666666666
9164,2016-07-10 22:00:00,7,10,22,511200.0,Montalban,0,2,2,4,6,1,21.32,19.783986591274857,639.6,0.0309318114310113,0.035,0.002
9165,2016-07-10 22:00:00,7,10,22,511200.0,Sto_Nino,14420,2,2,4,6,1,13.01,51.05681159388232,858.66,0.0594610341623952,0.033,0.0006666666666666
9166,2016-07-10 23:00:00,7,10,23,514800.0,Montalban,0,1,1,0,1,0,21.45,22.492438015948405,643.5,0.0349532836300674,0.035,0.002
9167,2016-07-10 23:00:00,7,10,23,514800.0,Sto_Nino,14420,1,1,0,1,0,13.05,53.09111809699288,861.3000000000001,0.0616406804794994,0.033,0.0006666666666666
