datetime,Sto Nino,San Jose
01/01/2015 0:00,0,6840
02/01/2015 0:00,0,6650
03/01/2015 0:00,0,5890
04/01/2015 0:00,0,5890
05/01/2015 0:00,0,4940
06/01/2015 0:00,0,4790
07/01/2015 0:00,0,4340
08/01/2015 0:00,0,4040
09/01/2015 0:00,0,3890
10/01/2015 0:00,0,3740
11/01/2015 0:00,0,3440
12/01/2015 0:00,0,3440
13/01/2015 0:00,0,3320
14/01/2015 0:00,0,3440
15/01/2015 0:00,0,3320
16/01/2015 0:00,0,3320
17/01/2015 0:00,0,3320
18/01/2015 0:00,0,4790
19/01/2015 0:00,0,4490
20/01/2015 0:00,0,3740
21/01/2015 0:00,0,3440
22/01/2015 0:00,0,3320
23/01/2015 0:00,0,3080
24/01/2015 0:00,0,2480
25/01/2015 0:00,0,2240
26/01/2015 0:00,0,2150
27/01/2015 0:00,0,2060
28/01/2015 0:00,0,2060
29/01/2015 0:00,0,2060
30/01/2015 0:00,0,2060
31/01/2015 0:00,0,2060
01/02/2015 0:00,0,2060
02/02/2015 0:00,0,2060
03/02/2015 0:00,0,1970
04/02/2015 0:00,0,1970
05/02/2015 0:00,0,1970
06/02/2015 0:00,0,1880
07/02/2015 0:00,0,1880
08/02/2015 0:00,0,1880
09/02/2015 0:00,0,1880
10/02/2015 0:00,0,1880
11/02/2015 0:00,0,1880
12/02/2015 0:00,0,1880
13/02/2015 0:00,0,1880
14/02/2015 0:00,0,1880
15/02/2015 0:00,0,1790
16/02/2015 0:00,0,1790
17/02/2015 0:00,0,1790
18/02/2015 0:00,0,1790
19/02/2015 0:00,0,1790
20/02/2015 0:00,0,1790
21/02/2015 0:00,0,1790
22/02/2015 0:00,0,1790
23/02/2015 0:00,0,1790
24/02/2015 0:00,0,1790
25/02/2015 0:00,0,1790
26/02/2015 0:00,0,1880
27/02/2015 0:00,0,1970
28/02/2015 0:00,0,1970
01/03/2015 0:00,0,2060
02/03/2015 0:00,0,2150
03/03/2015 0:00,0,2150
04/03/2015 0:00,0,2240
05/03/2015 0:00,0,2360
06/03/2015 0:00,0,2360
07/03/2015 0:00,0,2360
08/03/2015 0:00,0,2360
09/03/2015 0:00,0,2480
10/03/2015 0:00,0,2600
11/03/2015 0:00,0,2480
12/03/2015 0:00,0,2480
13/03/2015 0:00,0,2600
14/03/2015 0:00,0,2600
15/03/2015 0:00,0,2600
16/03/2015 0:00,0,2720
17/03/2015 0:00,0,2720
18/03/2015 0:00,0,2720
19/03/2015 0:00,0,2720
20/03/2015 0:00,0,2840
21/03/2015 0:00,0,2840
22/03/2015 0:00,0,2960
23/03/2015 0:00,0,3080
24/03/2015 0:00,0,2960
25/03/2015 0:00,0,2960
26/03/2015 0:00,0,2840
27/03/2015 0:00,0,2840
28/03/2015 0:00,0,2960
29/03/2015 0:00,0,2960
30/03/2015 0:00,0,2960
31/03/2015 0:00,0,3080
01/04/2015 0:00,14120,2960
02/04/2015 0:00,14120,3080
03/04/2015 0:00,13800,3080
04/04/2015 0:00,14440,3200
05/04/2015 0:00,14440,3200
06/04/2015 0:00,14760,3200
07/04/2015 0:00,14120,3200
08/04/2015 0:00,14120,3320
09/04/2015 0:00,14440,3440
10/04/2015 0:00,13800,3440
11/04/2015 0:00,14120,3590
12/04/2015 0:00,13800,3740
13/04/2015 0:00,14120,3740
14/04/2015 0:00,14120,3890
15/04/2015 0:00,18550,4040
16/04/2015 0:00,19290,4040
17/04/2015 0:00,19290,4040
18/04/2015 0:00,24900,4040
19/04/2015 0:00,68120,4040
20/04/2015 0:00,66030,4640
21/04/2015 0:00,65360,5130
22/04/2015 0:00,65360,4490
23/04/2015 0:00,69540,4040
24/04/2015 0:00,68830,3890
25/04/2015 0:00,68830,3890
26/04/2015 0:00,66030,3890
27/04/2015 0:00,62680,3890
28/04/2015 0:00,60000,3890
29/04/2015 0:00,58720,3890
30/04/2015 0:00,19680,3890
01/05/2015 0:00,19680,3890
02/05/2015 0:00,19290,3740
03/05/2015 0:00,19290,3740
04/05/2015 0:00,19290,3740
05/05/2015 0:00,19290,3740
06/05/2015 0:00,19290,4040
07/05/2015 0:00,17500,4040
08/05/2015 0:00,17500,3740
09/05/2015 0:00,17500,5130
10/05/2015 0:00,17150,11560
11/05/2015 0:00,16800,10110
12/05/2015 0:00,16800,8280
13/05/2015 0:00,17150,3890
14/05/2015 0:00,17150,3590
15/05/2015 0:00,17150,3080
16/05/2015 0:00,18200,2960
17/05/2015 0:00,18200,2960
18/05/2015 0:00,18200,2840
19/05/2015 0:00,18200,2840
20/05/2015 0:00,18900,2840
21/05/2015 0:00,19290,2840
22/05/2015 0:00,18900,2840
23/05/2015 0:00,17850,2840
24/05/2015 0:00,17850,2960
25/05/2015 0:00,18900,2720
26/05/2015 0:00,18900,2720
27/05/2015 0:00,18900,2720
28/05/2015 0:00,18900,2720
29/05/2015 0:00,18200,2720
30/05/2015 0:00,17500,2600
31/05/2015 0:00,17850,2600
01/06/2015 0:00,18550,2480
02/06/2015 0:00,18550,2480
03/06/2015 0:00,18550,3200
04/06/2015 0:00,18550,3320
05/06/2015 0:00,17850,2480
06/06/2015 0:00,17500,2360
07/06/2015 0:00,17500,2480
08/06/2015 0:00,18550,2840
09/06/2015 0:00,18200,3440
10/06/2015 0:00,18200,6270
11/06/2015 0:00,18200,5890
12/06/2015 0:00,17150,4940
13/06/2015 0:00,17150,4040
14/06/2015 0:00,15400,3440
15/06/2015 0:00,14760,3440
16/06/2015 0:00,15080,2720
17/06/2015 0:00,13800,2150
18/06/2015 0:00,16100,2240
19/06/2015 0:00,37660,2240
20/06/2015 0:00,36100,3440
21/06/2015 0:00,30680,6460
22/06/2015 0:00,26160,5130
23/06/2015 0:00,25320,3590
24/06/2015 0:00,23640,2600
25/06/2015 0:00,32100,3320
26/06/2015 0:00,28840,2840
27/06/2015 0:00,25320,6650
28/06/2015 0:00,25740,5510
29/06/2015 0:00,24900,5700
30/06/2015 0:00,25320,10980
01/07/2015 0:00,30220,6080
02/07/2015 0:00,86660,10690
03/07/2015 0:00,70250,10980
04/07/2015 0:00,62010,16050
05/07/2015 0:00,70960,28840
06/07/2015 0:00,83540,37560
07/07/2015 0:00,83540,51240
08/07/2015 0:00,90620,280290
09/07/2015 0:00,88220,196640
10/07/2015 0:00,138000,172340
11/07/2015 0:00,116240,56580
12/07/2015 0:00,93050,29940
13/07/2015 0:00,75280,14940
14/07/2015 0:00,41900,7320
15/07/2015 0:00,38190,7800
16/07/2015 0:00,36100,8520
17/07/2015 0:00,33100,5320
18/07/2015 0:00,31140,3320
19/07/2015 0:00,30680,2720
20/07/2015 0:00,31600,3890
21/07/2015 0:00,32600,9240
22/07/2015 0:00,51200,4640
23/07/2015 0:00,32100,4190
24/07/2015 0:00,73800,4790
25/07/2015 0:00,70960,4940
26/07/2015 0:00,88220,7800
27/07/2015 0:00,88220,9530
28/07/2015 0:00,58720,27190
29/07/2015 0:00,48800,50440
30/07/2015 0:00,55520,56580
31/07/2015 0:00,60670,65090
01/08/2015 0:00,58720,51240
02/08/2015 0:00,60000,47240
03/08/2015 0:00,74540,58360
04/08/2015 0:00,101350,35520
05/08/2015 0:00,48800,21620
06/08/2015 0:00,46460,7560
07/08/2015 0:00,74540,4640
08/08/2015 0:00,48200,6270
09/08/2015 0:00,50000,4940
10/08/2015 0:00,50000,23030
11/08/2015 0:00,76020,18100
12/08/2015 0:00,62010,8760
13/08/2015 0:00,58080,13540
14/08/2015 0:00,58720,15640
15/08/2015 0:00,80460,36850
16/08/2015 0:00,64690,39690
17/08/2015 0:00,50600,27190
18/08/2015 0:00,48800,18510
19/08/2015 0:00,45890,14240
20/08/2015 0:00,47600,11560
21/08/2015 0:00,90620,39690
22/08/2015 0:00,110000,83460
23/08/2015 0:00,103900,110790
24/08/2015 0:00,101350,107890
25/08/2015 0:00,127400,93140
26/08/2015 0:00,119920,32420
27/08/2015 0:00,68120,16460
28/08/2015 0:00,99650,10110
29/08/2015 0:00,73090,15290
30/08/2015 0:00,66030,11270
31/08/2015 0:00,113520,9000
01/09/2015 0:00,81980,10400
02/09/2015 0:00,71670,9530
03/09/2015 0:00,74540,10110
04/09/2015 0:00,91430,18920
05/09/2015 0:00,101350,27190
06/09/2015 0:00,89000,17690
07/09/2015 0:00,95480,26090
08/09/2015 0:00,92240,37560
09/09/2015 0:00,110000,34280
10/09/2015 0:00,81980,22560
11/09/2015 0:00,82760,28840
12/09/2015 0:00,79720,31180
13/09/2015 0:00,83540,22090
14/09/2015 0:00,89810,44040
15/09/2015 0:00,114400,44040
16/09/2015 0:00,97950,24440
17/09/2015 0:00,97950,22560
18/09/2015 0:00,97100,18510
19/09/2015 0:00,71670,14590
20/09/2015 0:00,78240,21150
21/09/2015 0:00,68830,18510
22/09/2015 0:00,85880,12840
23/09/2015 0:00,104750,9530
24/09/2015 0:00,90620,10110
25/09/2015 0:00,63350,13190
26/09/2015 0:00,65360,19740
27/09/2015 0:00,100500,18100
28/09/2015 0:00,118080,19330
29/09/2015 0:00,89000,23500
30/09/2015 0:00,68830,21620
01/10/2015 0:00,68830,24440
02/10/2015 0:00,276700,627410
03/10/2015 0:00,140940,216150
04/10/2015 0:00,128350,141870
05/10/2015 0:00,118080,115140
06/10/2015 0:00,86660,41110
07/10/2015 0:00,68120,18920
08/10/2015 0:00,123600,18100
09/10/2015 0:00,83540,18100
10/10/2015 0:00,64690,15640
11/10/2015 0:00,57440,23030
12/10/2015 0:00,47030,16050
13/10/2015 0:00,38720,11850
14/10/2015 0:00,43610,15640
15/10/2015 0:00,54240,12490
16/10/2015 0:00,64690,6460
17/10/2015 0:00,123600,15640
18/10/2015 0:00,295050,1263180
19/10/2015 0:00,153100,140160
20/10/2015 0:00,150040,44040
21/10/2015 0:00,73800,18510
22/10/2015 0:00,69540,11270
23/10/2015 0:00,70250,12840
24/10/2015 0:00,68830,9820
25/10/2015 0:00,63350,10980
26/10/2015 0:00,55520,10110
27/10/2015 0:00,53000,7080
28/10/2015 0:00,49400,6650
29/10/2015 0:00,45890,5700
30/10/2015 0:00,45890,5320
31/10/2015 0:00,43610,4640
01/11/2015 0:00,39250,4640
02/11/2015 0:00,36100,5130
03/11/2015 0:00,34100,4640
04/11/2015 0:00,32100,4190
05/11/2015 0:00,33600,4040
06/11/2015 0:00,33100,3890
07/11/2015 0:00,32600,3890
08/11/2015 0:00,31600,4040
09/11/2015 0:00,29300,5130
10/11/2015 0:00,28380,4940
11/11/2015 0:00,26160,4340
12/11/2015 0:00,25740,3890
13/11/2015 0:00,24900,3590
14/11/2015 0:00,24480,3200
15/11/2015 0:00,23640,3200
16/11/2015 0:00,22800,3200
17/11/2015 0:00,22800,3080
18/11/2015 0:00,22800,2960
19/11/2015 0:00,22020,2840
20/11/2015 0:00,22020,2840
21/11/2015 0:00,22410,2840
22/11/2015 0:00,21630,2720
23/11/2015 0:00,21240,2720
24/11/2015 0:00,21240,2480
25/11/2015 0:00,21240,2600
26/11/2015 0:00,21630,2480
27/11/2015 0:00,21240,2360
28/11/2015 0:00,21240,2360
29/11/2015 0:00,21240,2240
30/11/2015 0:00,21240,2240
01/12/2015 0:00,21240,2150
02/12/2015 0:00,21240,2150
03/12/2015 0:00,20460,2150
04/12/2015 0:00,20460,2150
05/12/2015 0:00,20460,2480
06/12/2015 0:00,20460,2600
07/12/2015 0:00,20850,2600
08/12/2015 0:00,20460,2480
09/12/2015 0:00,20070,2480
10/12/2015 0:00,20070,2360
11/12/2015 0:00,20460,2360
12/12/2015 0:00,19290,2360
13/12/2015 0:00,18550,2360
14/12/2015 0:00,18900,2480
15/12/2015 0:00,21630,4940
16/12/2015 0:00,139960,36850
17/12/2015 0:00,120840,78840
18/12/2015 0:00,100500,47240
19/12/2015 0:00,69540,74440
20/12/2015 0:00,38720,63110
21/12/2015 0:00,33100,31180
22/12/2015 0:00,32100,20680
23/12/2015 0:00,31140,14240
24/12/2015 0:00,31140,10980
25/12/2015 0:00,30680,6650
26/12/2015 0:00,30220,5320
27/12/2015 0:00,29300,5320
28/12/2015 0:00,29760,4940
29/12/2015 0:00,29760,4340
30/12/2015 0:00,29300,3890
31/12/2015 0:00,29300,3590
01/01/2016 0:00,27460,3160
02/01/2016 0:00,33100,2620
03/01/2016 0:00,24900,2530
04/01/2016 0:00,24900,2350
05/01/2016 0:00,24480,2210
06/01/2016 0:00,24900,2140
07/01/2016 0:00,24060,2070
08/01/2016 0:00,24060,1930
09/01/2016 0:00,23220,1860
10/01/2016 0:00,22800,1720
11/01/2016 0:00,22020,1590
12/01/2016 0:00,19290,1650
13/01/2016 0:00,18200,1590
14/01/2016 0:00,18550,1530
15/01/2016 0:00,18550,1470
16/01/2016 0:00,17850,1350
17/01/2016 0:00,17850,1230
18/01/2016 0:00,17850,1230
19/01/2016 0:00,17500,1170
20/01/2016 0:00,17150,1170
21/01/2016 0:00,17150,1110
22/01/2016 0:00,16450,1050
23/01/2016 0:00,16450,1050
24/01/2016 0:00,15750,1010
25/01/2016 0:00,15750,1010
26/01/2016 0:00,15750,1010
27/01/2016 0:00,15750,1010
28/01/2016 0:00,15750,1010
29/01/2016 0:00,15750,970
30/01/2016 0:00,15750,1010
31/01/2016 0:00,15750,930
01/02/2016 0:00,15750,930
02/02/2016 0:00,15400,970
03/02/2016 0:00,15080,930
04/02/2016 0:00,15080,930
05/02/2016 0:00,14440,890
06/02/2016 0:00,14440,890
07/02/2016 0:00,14120,890
08/02/2016 0:00,13800,850
09/02/2016 0:00,13800,850
10/02/2016 0:00,13800,810
11/02/2016 0:00,13800,770
12/02/2016 0:00,13160,770
13/02/2016 0:00,13160,770
14/02/2016 0:00,13160,770
15/02/2016 0:00,12840,770
16/02/2016 0:00,12840,730
17/02/2016 0:00,12840,730
18/02/2016 0:00,12840,730
19/02/2016 0:00,12200,730
20/02/2016 0:00,12200,690
21/02/2016 0:00,12200,690
22/02/2016 0:00,11640,650
23/02/2016 0:00,11640,650
24/02/2016 0:00,11080,650
25/02/2016 0:00,11080,620
26/02/2016 0:00,10520,620
27/02/2016 0:00,10520,620
28/02/2016 0:00,9960,620
29/02/2016 0:00,9960,620
01/03/2016 0:00,9960,590
02/03/2016 0:00,9960,590
03/03/2016 0:00,9400,650
04/03/2016 0:00,9400,620
05/03/2016 0:00,9400,620
06/03/2016 0:00,8920,590
07/03/2016 0:00,8920,590
08/03/2016 0:00,8920,590
09/03/2016 0:00,8440,590
10/03/2016 0:00,8440,590
11/03/2016 0:00,7960,590
12/03/2016 0:00,7960,590
13/03/2016 0:00,7960,590
14/03/2016 0:00,7480,620
15/03/2016 0:00,7480,730
16/03/2016 0:00,7480,690
17/03/2016 0:00,7480,690
18/03/2016 0:00,7480,690
19/03/2016 0:00,7480,650
20/03/2016 0:00,7240,650
21/03/2016 0:00,7240,650
22/03/2016 0:00,6790,620
23/03/2016 0:00,6790,620
24/03/2016 0:00,6790,620
25/03/2016 0:00,6790,620
26/03/2016 0:00,6370,620
27/03/2016 0:00,6370,620
28/03/2016 0:00,6370,620
29/03/2016 0:00,6580,620
30/03/2016 0:00,6370,620
31/03/2016 0:00,6370,620
01/04/2016 0:00,6160,620
02/04/2016 0:00,5950,620
03/04/2016 0:00,6160,620
04/04/2016 0:00,5950,620
05/04/2016 0:00,5950,650
06/04/2016 0:00,5950,650
07/04/2016 0:00,5950,650
08/04/2016 0:00,6370,650
09/04/2016 0:00,6580,650
10/04/2016 0:00,6160,650
11/04/2016 0:00,6160,650
12/04/2016 0:00,5740,650
13/04/2016 0:00,6160,650
14/04/2016 0:00,6160,650
15/04/2016 0:00,6580,650
16/04/2016 0:00,12200,650
17/04/2016 0:00,13160,650
18/04/2016 0:00,13480,690
19/04/2016 0:00,12840,690
20/04/2016 0:00,8440,690
21/04/2016 0:00,7480,690
22/04/2016 0:00,6160,690
23/04/2016 0:00,6160,690
24/04/2016 0:00,6160,690
25/04/2016 0:00,6160,690
26/04/2016 0:00,5740,690
27/04/2016 0:00,7480,730
28/04/2016 0:00,5950,770
29/04/2016 0:00,5530,850
30/04/2016 0:00,5530,890
01/05/2016 0:00,4730,1010
02/05/2016 0:00,4730,1010
03/05/2016 0:00,4560,930
04/05/2016 0:00,4560,850
05/05/2016 0:00,4220,850
06/05/2016 0:00,4390,810
07/05/2016 0:00,4050,890
08/05/2016 0:00,3710,850
09/05/2016 0:00,3370,810
10/05/2016 0:00,3370,850
11/05/2016 0:00,3060,810
12/05/2016 0:00,3060,810
13/05/2016 0:00,3060,770
14/05/2016 0:00,3060,810
15/05/2016 0:00,3370,770
16/05/2016 0:00,3370,770
17/05/2016 0:00,3540,890
18/05/2016 0:00,3540,970
19/05/2016 0:00,7000,2620
20/05/2016 0:00,7000,3070
21/05/2016 0:00,8920,2530
22/05/2016 0:00,7240,2140
23/05/2016 0:00,7000,1860
24/05/2016 0:00,7000,1530
25/05/2016 0:00,11920,1410
26/05/2016 0:00,40840,1720
27/05/2016 0:00,29760,1590
28/05/2016 0:00,31600,1530
29/05/2016 0:00,26580,1720
30/05/2016 0:00,22410,1530
31/05/2016 0:00,21240,1720
01/06/2016 0:00,33600,1790
02/06/2016 0:00,41370,1650
03/06/2016 0:00,36600,3160
04/06/2016 0:00,38720,3070
05/06/2016 0:00,30220,2890
06/06/2016 0:00,46460,3160
07/06/2016 0:00,54240,2890
08/06/2016 0:00,34600,2530
09/06/2016 0:00,30220,2620
10/06/2016 0:00,34100,2890
11/06/2016 0:00,37660,2980
12/06/2016 0:00,37660,4240
13/06/2016 0:00,32600,3470
14/06/2016 0:00,33600,3160
15/06/2016 0:00,34600,2800
16/06/2016 0:00,50600,2530
17/06/2016 0:00,44750,2440
18/06/2016 0:00,44180,2350
19/06/2016 0:00,56160,6850
20/06/2016 0:00,48200,2980
21/06/2016 0:00,58720,3160
22/06/2016 0:00,44180,6250
23/06/2016 0:00,58720,5130
24/06/2016 0:00,80460,2890
25/06/2016 0:00,57440,2530
26/06/2016 0:00,60000,2440
27/06/2016 0:00,65360,2140
28/06/2016 0:00,68120,2140
29/06/2016 0:00,45890,2070
30/06/2016 0:00,43040,2070
01/07/2016 0:00,43610,2070
02/07/2016 0:00,43610,2140
03/07/2016 0:00,52400,2350
04/07/2016 0:00,46460,2210
05/07/2016 0:00,42470,2140
06/07/2016 0:00,42470,2140
07/07/2016 0:00,123600,2280
08/07/2016 0:00,141920,124450
09/07/2016 0:00,42470,22130
10/07/2016 0:00,51800,8170
11/07/2016 0:00,42470,9450
12/07/2016 0:00,40840,5800
13/07/2016 0:00,39250,3910
14/07/2016 0:00,37130,5130
15/07/2016 0:00,35600,3690
16/07/2016 0:00,35100,3470
17/07/2016 0:00,34600,3910
18/07/2016 0:00,29760,4610
19/07/2016 0:00,28840,2890
20/07/2016 0:00,36100,2980
21/07/2016 0:00,36100,3070
22/07/2016 0:00,44180,4610
23/07/2016 0:00,40310,4240
24/07/2016 0:00,33600,6550
25/07/2016 0:00,34100,7490
26/07/2016 0:00,35100,5000
27/07/2016 0:00,38720,4240
28/07/2016 0:00,41370,4130
29/07/2016 0:00,34600,4350
30/07/2016 0:00,33600,4350
31/07/2016 0:00,34100,6100
01/08/2016 0:00,0,8680
02/08/2016 0:00,0,9250
03/08/2016 0:00,0,4870
04/08/2016 0:00,0,4350
05/08/2016 0:00,0,3690
06/08/2016 0:00,0,3800
07/08/2016 0:00,0,4610
08/08/2016 0:00,0,38490
09/08/2016 0:00,0,30190
10/08/2016 0:00,80460,27070
11/08/2016 0:00,95480,26330
12/08/2016 0:00,203250,38490
13/08/2016 0:00,685140,617590
14/08/2016 0:00,396770,446190
15/08/2016 0:00,324300,84730
16/08/2016 0:00,135060,100370
17/08/2016 0:00,99650,41850
18/08/2016 0:00,89000,37050
19/08/2016 0:00,97950,23150
20/08/2016 0:00,93050,23830
21/08/2016 0:00,90620,33970
22/08/2016 0:00,102200,27810
23/08/2016 0:00,94670,20210
24/08/2016 0:00,79720,17230
25/08/2016 0:00,75280,27070
26/08/2016 0:00,102200,31420
27/08/2016 0:00,86660,29780
28/08/2016 0:00,94670,39930
29/08/2016 0:00,89810,119550
30/08/2016 0:00,93050,47500
31/08/2016 0:00,108240,22470
01/09/2016 0:00,91430,14300
02/09/2016 0:00,87440,18660
03/09/2016 0:00,87440,20520
04/09/2016 0:00,85880,28550
05/09/2016 0:00,78240,24170
06/09/2016 0:00,89000,13550
07/09/2016 0:00,100500,14050
08/09/2016 0:00,98800,16110
09/09/2016 0:00,96290,14800
10/09/2016 0:00,114400,13300
11/09/2016 0:00,106480,12170
12/09/2016 0:00,103900,11950
13/09/2016 0:00,82760,11510
14/09/2016 0:00,74540,13300
15/09/2016 0:00,34600,17230
16/09/2016 0:00,36100,23150
17/09/2016 0:00,76760,27440
18/09/2016 0:00,70250,16670
19/09/2016 0:00,48800,17790
20/09/2016 0:00,50000,23830
21/09/2016 0:00,50000,20830
22/09/2016 0:00,49400,16390
23/09/2016 0:00,37130,16670
24/09/2016 0:00,133100,17510
25/09/2016 0:00,56800,19590
26/09/2016 0:00,138000,23150
27/09/2016 0:00,125500,24510
28/09/2016 0:00,416900,161170
29/09/2016 0:00,124550,95210
30/09/2016 0:00,118080,36610
01/10/2016 0:00,104750,32650
02/10/2016 0:00,109120,27070
03/10/2016 0:00,117160,23490
04/10/2016 0:00,146980,38490
05/10/2016 0:00,109120,31010
06/10/2016 0:00,117160,26700
07/10/2016 0:00,116240,24170
08/10/2016 0:00,41900,21140
09/10/2016 0:00,43610,16110
10/10/2016 0:00,27920,14800
11/10/2016 0:00,174500,16110
12/10/2016 0:00,132150,16670
13/10/2016 0:00,97950,14800
14/10/2016 0:00,45320,17510
15/10/2016 0:00,204440,54220
16/10/2016 0:00,328800,83970
17/10/2016 0:00,151060,50250
18/10/2016 0:00,39250,34410
19/10/2016 0:00,39780,25220
20/10/2016 0:00,64020,22810
21/10/2016 0:00,98800,14050
22/10/2016 0:00,78980,13050
23/10/2016 0:00,71670,11510
24/10/2016 0:00,71670,10450
25/10/2016 0:00,53000,11070
26/10/2016 0:00,47600,11510
27/10/2016 0:00,0,10450
28/10/2016 0:00,0,10450
29/10/2016 0:00,0,9650
30/10/2016 0:00,0,9250
31/10/2016 0:00,0,8680
01/11/2016 0:00,0,8340
02/11/2016 0:00,0,8680
03/11/2016 0:00,0,32650
04/11/2016 0:00,0,19590
05/11/2016 0:00,0,15300
06/11/2016 0:00,0,12830
07/11/2016 0:00,0,12170
08/11/2016 0:00,0,9450
09/11/2016 0:00,0,8850
10/11/2016 0:00,0,8510
11/11/2016 0:00,0,8850
12/11/2016 0:00,0,8510
13/11/2016 0:00,0,8510
14/11/2016 0:00,0,8510
15/11/2016 0:00,0,8850
16/11/2016 0:00,0,14050
17/11/2016 0:00,0,11290
18/11/2016 0:00,0,10850
19/11/2016 0:00,0,9250
20/11/2016 0:00,0,8680
21/11/2016 0:00,0,8680
22/11/2016 0:00,0,9250
23/11/2016 0:00,0,9050
24/11/2016 0:00,0,8680
25/11/2016 0:00,0,9050
26/11/2016 0:00,0,8170
27/11/2016 0:00,0,8510
28/11/2016 0:00,0,8000
29/11/2016 0:00,0,8170
30/11/2016 0:00,0,7490
01/12/2016 0:00,0,7490
02/12/2016 0:00,0,7660
03/12/2016 0:00,0,7660
04/12/2016 0:00,0,7150
05/12/2016 0:00,0,7150
06/12/2016 0:00,0,7490
07/12/2016 0:00,0,7490
08/12/2016 0:00,0,7320
09/12/2016 0:00,0,7320
10/12/2016 0:00,0,7490
11/12/2016 0:00,0,16670
12/12/2016 0:00,0,77930
13/12/2016 0:00,0,37530
14/12/2016 0:00,0,28180
15/12/2016 0:00,0,21450
16/12/2016 0:00,0,13300
17/12/2016 0:00,0,10450
18/12/2016 0:00,0,10250
19/12/2016 0:00,0,14800
20/12/2016 0:00,0,13800
21/12/2016 0:00,0,11950
22/12/2016 0:00,0,11730
23/12/2016 0:00,0,10850
24/12/2016 0:00,0,9850
25/12/2016 0:00,0,9650
26/12/2016 0:00,0,72170
27/12/2016 0:00,0,55990
28/12/2016 0:00,0,24510
29/12/2016 0:00,0,18660
30/12/2016 0:00,0,15300
31/12/2016 0:00,0,14050
01/01/2017 0:00,23400,13050
02/01/2017 0:00,17720,11950
03/01/2017 0:00,17560,10850
04/01/2017 0:00,17720,11070
05/01/2017 0:00,18040,10450
06/01/2017 0:00,18040,9450
07/01/2017 0:00,18040,9850
08/01/2017 0:00,18360,9250
09/01/2017 0:00,19170,8340
10/01/2017 0:00,19510,10250
11/01/2017 0:00,18520,11290
12/01/2017 0:00,18360,10050
13/01/2017 0:00,18040,8680
14/01/2017 0:00,18040,9050
15/01/2017 0:00,17720,9050
16/01/2017 0:00,17720,10050
17/01/2017 0:00,17400,9050
18/01/2017 0:00,17400,8510
19/01/2017 0:00,17400,8510
20/01/2017 0:00,18040,9850
21/01/2017 0:00,17880,15050
22/01/2017 0:00,17720,16950
23/01/2017 0:00,17720,15050
24/01/2017 0:00,22220,12610
25/01/2017 0:00,19680,10250
26/01/2017 0:00,19000,9650
27/01/2017 0:00,18840,8850
28/01/2017 0:00,18680,8850
29/01/2017 0:00,17560,8340
30/01/2017 0:00,17560,8170
31/01/2017 0:00,17100,7490
01/02/2017 0:00,19340,8340
02/02/2017 0:00,26070,10250
03/02/2017 0:00,22800,11510
04/02/2017 0:00,21650,10450
05/02/2017 0:00,18840,9650
06/02/2017 0:00,21460,9450
07/02/2017 0:00,30580,8850
08/02/2017 0:00,12720,8170
09/02/2017 0:00,12600,8170
10/02/2017 0:00,12240,7660
11/02/2017 0:00,12120,7660
12/02/2017 0:00,11520,7490
13/02/2017 0:00,11400,6700
14/02/2017 0:00,11280,6250
15/02/2017 0:00,11160,6250
16/02/2017 0:00,11160,6400
17/02/2017 0:00,11160,6550
18/02/2017 0:00,11760,7320
19/02/2017 0:00,11400,7320
20/02/2017 0:00,11520,6850
21/02/2017 0:00,11160,7150
22/02/2017 0:00,10920,6700
23/02/2017 0:00,10920,6550
24/02/2017 0:00,10470,5800
25/02/2017 0:00,10360,5650
26/02/2017 0:00,10140,6100
27/02/2017 0:00,9810,5800
28/02/2017 0:00,9810,5520
01/03/2017 0:00,9810,5390
02/03/2017 0:00,9810,5000
03/03/2017 0:00,9500,4480
04/03/2017 0:00,9600,4020
05/03/2017 0:00,9400,4130
06/03/2017 0:00,9400,3800
07/03/2017 0:00,9300,3470
08/03/2017 0:00,9200,3250
09/03/2017 0:00,8800,3470
10/03/2017 0:00,8800,3160
11/03/2017 0:00,8520,3160
12/03/2017 0:00,8430,3250
13/03/2017 0:00,8430,3070
14/03/2017 0:00,8160,6250
15/03/2017 0:00,8250,5520
16/03/2017 0:00,8160,4350
17/03/2017 0:00,7980,3910
18/03/2017 0:00,7980,3910
19/03/2017 0:00,7980,3470
20/03/2017 0:00,7980,3470
21/03/2017 0:00,7980,2980
22/03/2017 0:00,7980,3470
23/03/2017 0:00,7800,3160
24/03/2017 0:00,7800,3070
25/03/2017 0:00,7800,3070
26/03/2017 0:00,7480,3160
27/03/2017 0:00,7480,2980
28/03/2017 0:00,7320,2620
29/03/2017 0:00,7320,2620
30/03/2017 0:00,7320,2530
31/03/2017 0:00,7240,2530
01/04/2017 0:00,7320,2440
02/04/2017 0:00,7320,3690
03/04/2017 0:00,7160,3160
04/04/2017 0:00,7160,2890
05/04/2017 0:00,7080,2890
06/04/2017 0:00,7160,2620
07/04/2017 0:00,7000,2530
08/04/2017 0:00,7000,2530
09/04/2017 0:00,7000,2530
10/04/2017 0:00,7000,2530
11/04/2017 0:00,6920,2530
12/04/2017 0:00,6840,2620
13/04/2017 0:00,6840,2620
14/04/2017 0:00,6840,2620
15/04/2017 0:00,6840,2620
16/04/2017 0:00,6840,3070
17/04/2017 0:00,7640,3250
18/04/2017 0:00,6680,2800
19/04/2017 0:00,6680,2800
20/04/2017 0:00,6680,2710
21/04/2017 0:00,6680,2710
22/04/2017 0:00,6680,2710
23/04/2017 0:00,6520,3360
24/04/2017 0:00,6440,4130
25/04/2017 0:00,6440,3910
26/04/2017 0:00,6280,3360
27/04/2017 0:00,6360,3250
28/04/2017 0:00,6280,3470
29/04/2017 0:00,6280,4870
30/04/2017 0:00,6280,3250
01/05/2017 0:00,7640,3250
02/05/2017 0:00,7640,3690
03/05/2017 0:00,7640,4020
04/05/2017 0:00,7640,3690
05/05/2017 0:00,7640,3360
06/05/2017 0:00,7560,3360
07/05/2017 0:00,7560,3580
08/05/2017 0:00,7560,3470
09/05/2017 0:00,7560,3250
10/05/2017 0:00,7560,3250
11/05/2017 0:00,7560,3250
12/05/2017 0:00,7480,2980
13/05/2017 0:00,7480,3160
14/05/2017 0:00,7480,3070
15/05/2017 0:00,7480,3070
16/05/2017 0:00,7480,3070
17/05/2017 0:00,7480,3580
18/05/2017 0:00,7400,4240
19/05/2017 0:00,7400,4480
20/05/2017 0:00,7400,4610
21/05/2017 0:00,7400,4870
22/05/2017 0:00,7400,4240
23/05/2017 0:00,7400,4610
24/05/2017 0:00,7400,4870
25/05/2017 0:00,7320,22810
26/05/2017 0:00,7320,6250
27/05/2017 0:00,7320,7320
28/05/2017 0:00,7320,10050
29/05/2017 0:00,7320,7150
30/05/2017 0:00,7320,5260
31/05/2017 0:00,7240,4740
01/06/2017 0:00,7240,4610
02/06/2017 0:00,7240,10250
03/06/2017 0:00,7240,5520
04/06/2017 0:00,7240,4610
05/06/2017 0:00,7240,4870
06/06/2017 0:00,7160,4740
07/06/2017 0:00,7160,4740
08/06/2017 0:00,7160,4740
09/06/2017 0:00,7160,5520
10/06/2017 0:00,7160,5260
11/06/2017 0:00,7160,5520
12/06/2017 0:00,7080,5520
13/06/2017 0:00,7080,4870
14/06/2017 0:00,7080,8000
15/06/2017 0:00,10920,8340
16/06/2017 0:00,12120,6100
17/06/2017 0:00,12120,5130
18/06/2017 0:00,12000,5130
19/06/2017 0:00,12000,5000
20/06/2017 0:00,12000,5000
21/06/2017 0:00,7000,6400
22/06/2017 0:00,7000,6250
23/06/2017 0:00,7000,5000
24/06/2017 0:00,6920,6250
25/06/2017 0:00,6920,6400
26/06/2017 0:00,6920,5390
27/06/2017 0:00,6920,6550
28/06/2017 0:00,8610,5650
29/06/2017 0:00,8700,4870
30/06/2017 0:00,8700,5950
01/07/2017 0:00,7800,5390
02/07/2017 0:00,8700,6850
03/07/2017 0:00,8800,7000
04/07/2017 0:00,10920,5260
05/07/2017 0:00,10920,5260
06/07/2017 0:00,11400,6250
07/07/2017 0:00,9920,5130
08/07/2017 0:00,7980,5520
09/07/2017 0:00,7980,6100
10/07/2017 0:00,8340,5650
11/07/2017 0:00,8070,5390
12/07/2017 0:00,8340,5130
13/07/2017 0:00,8070,4870
14/07/2017 0:00,13200,6700
15/07/2017 0:00,11280,6400
16/07/2017 0:00,9100,4610
17/07/2017 0:00,8160,4610
18/07/2017 0:00,12480,5000
19/07/2017 0:00,15200,4480
20/07/2017 0:00,15200,4480
21/07/2017 0:00,15200,5130
22/07/2017 0:00,13460,4740
23/07/2017 0:00,18360,4350
24/07/2017 0:00,18840,4240
25/07/2017 0:00,24400,4240
26/07/2017 0:00,33800,31010
27/07/2017 0:00,46160,101230
28/07/2017 0:00,65870,130450
29/07/2017 0:00,56880,42870
30/07/2017 0:00,30580,21450
31/07/2017 0:00,35880,19900
01/08/2017 0:00,11400,13050
02/08/2017 0:00,24200,75770
03/08/2017 0:00,56140,55400
04/08/2017 0:00,11880,44400
05/08/2017 0:00,8610,21450
06/08/2017 0:00,10690,20210
07/08/2017 0:00,13980,10250
08/08/2017 0:00,13200,8000
09/08/2017 0:00,11640,6550
10/08/2017 0:00,9400,5390
11/08/2017 0:00,8700,4350
12/08/2017 0:00,9000,4240
13/08/2017 0:00,9400,11730
14/08/2017 0:00,8700,10050
15/08/2017 0:00,8700,8340
16/08/2017 0:00,7800,4020
17/08/2017 0:00,8700,3690
18/08/2017 0:00,8700,4020
19/08/2017 0:00,8700,5000
20/08/2017 0:00,37240,15830
21/08/2017 0:00,39200,43380
22/08/2017 0:00,77310,193410
23/08/2017 0:00,28240,81690
24/08/2017 0:00,8700,20830
25/08/2017 0:00,10030,23150
26/08/2017 0:00,13590,93540
27/08/2017 0:00,10800,69410
28/08/2017 0:00,12840,40890
29/08/2017 0:00,12840,32650
30/08/2017 0:00,11160,21140
31/08/2017 0:00,11640,26330
01/09/2017 0:00,28900,21790
02/09/2017 0:00,28240,26330
03/09/2017 0:00,24600,25590
04/09/2017 0:00,20700,22470
05/09/2017 0:00,14920,23830
06/09/2017 0:00,13200,11950
07/09/2017 0:00,13200,12610
08/09/2017 0:00,13200,26890
09/09/2017 0:00,12000,24700
10/09/2017 0:00,12840,21750
11/09/2017 0:00,14110,15510
12/09/2017 0:00,152520,1739200
13/09/2017 0:00,56510,1198850
14/09/2017 0:00,35620,95280
15/09/2017 0:00,28900,43220
16/09/2017 0:00,22600,36500
17/09/2017 0:00,22600,41000
18/09/2017 0:00,22600,44330
19/09/2017 0:00,22600,49880
20/09/2017 0:00,28240,52100
21/09/2017 0:00,24600,70360
22/09/2017 0:00,24000,124200
23/09/2017 0:00,24600,85580
24/09/2017 0:00,22600,68740
25/09/2017 0:00,22600,46550
26/09/2017 0:00,22600,48770
27/09/2017 0:00,22600,36500
28/09/2017 0:00,20700,49880
29/09/2017 0:00,20700,49880
30/09/2017 0:00,20700,58800
01/10/2017 0:00,20700,39200
02/10/2017 0:00,20700,29810
03/10/2017 0:00,20700,29810
04/10/2017 0:00,20700,33800
05/10/2017 0:00,24000,54780
06/10/2017 0:00,22600,34700
07/10/2017 0:00,25230,21750
08/10/2017 0:00,24600,24700
09/10/2017 0:00,24600,23520
10/10/2017 0:00,25230,28350
11/10/2017 0:00,23200,24700
12/10/2017 0:00,22030,39200
13/10/2017 0:00,26070,46550
14/10/2017 0:00,72750,274820
15/10/2017 0:00,33050,161130
16/10/2017 0:00,24600,56120
17/10/2017 0:00,24600,62820
18/10/2017 0:00,24000,38300
19/10/2017 0:00,22600,46550
20/10/2017 0:00,22600,52100
21/10/2017 0:00,20700,34700
22/10/2017 0:00,20700,29810
23/10/2017 0:00,20700,24700
24/10/2017 0:00,24000,21750
25/10/2017 0:00,22600,19390
26/10/2017 0:00,22600,19980
27/10/2017 0:00,22600,17860
28/10/2017 0:00,22600,21750
29/10/2017 0:00,22600,25430
30/10/2017 0:00,22600,24110
31/10/2017 0:00,22600,53440
01/11/2017 0:00,25230,161130
02/11/2017 0:00,30340,161130
03/11/2017 0:00,24600,151500
04/11/2017 0:00,23800,143310
05/11/2017 0:00,22600,121890
06/11/2017 0:00,22600,103410
07/11/2017 0:00,21840,93340
08/11/2017 0:00,21840,71980
09/11/2017 0:00,50440,91400
10/11/2017 0:00,77310,101100
11/11/2017 0:00,22410,68740
12/11/2017 0:00,22410,50990
13/11/2017 0:00,22410,48770
14/11/2017 0:00,24400,38300
15/11/2017 0:00,23800,31270
16/11/2017 0:00,24400,40100
17/11/2017 0:00,22410,41000
18/11/2017 0:00,22410,39200
19/11/2017 0:00,22410,33800
20/11/2017 0:00,20530,22930
21/11/2017 0:00,20530,24700
22/11/2017 0:00,20530,22340
23/11/2017 0:00,0,24110
24/11/2017 0:00,0,26160
25/11/2017 0:00,0,22930
26/11/2017 0:00,0,23520
27/11/2017 0:00,0,18800
28/11/2017 0:00,0,16450
29/11/2017 0:00,0,14100
30/11/2017 0:00,0,13730
01/12/2017 0:00,0,13360
02/12/2017 0:00,0,13730
03/12/2017 0:00,0,12620
04/12/2017 0:00,0,13730
05/12/2017 0:00,0,11880
06/12/2017 0:00,0,11880
07/12/2017 0:00,0,11510
08/12/2017 0:00,0,11510
09/12/2017 0:00,0,14100
10/12/2017 0:00,0,12250
11/12/2017 0:00,0,13360
12/12/2017 0:00,0,23520
13/12/2017 0:00,0,22340
14/12/2017 0:00,0,19980
15/12/2017 0:00,0,22930
16/12/2017 0:00,0,18800
17/12/2017 0:00,0,21160
18/12/2017 0:00,0,17390
19/12/2017 0:00,0,15040
20/12/2017 0:00,0,14100
21/12/2017 0:00,0,16920
22/12/2017 0:00,0,14100
23/12/2017 0:00,0,11510
24/12/2017 0:00,0,23520
25/12/2017 0:00,0,9560
26/12/2017 0:00,0,19390
27/12/2017 0:00,0,18800
28/12/2017 0:00,0,18800
29/12/2017 0:00,0,17390
30/12/2017 0:00,0,15510
31/12/2017 0:00,0,14100
