Date, Open, High, Low, Close, Volume
05/11/23, 27.20, 27.55, 26.90, 27.00, 17738000
05/10/23, 26.90, 27.40, 26.85, 26.95, 8282900
05/09/23, 27.05, 27.30, 26.65, 26.80, 8970500
05/08/23, 28.40, 28.55, 26.90, 26.90, 12166200
05/05/23, 28.50, 28.65, 28.15, 28.25, 4341900
05/04/23, 27.40, 28.65, 27.40, 28.65, 15576400
05/03/23, 27.60, 27.90, 27.40, 27.40, 9135600
05/02/23, 26.85, 27.60, 26.80, 27.50, 8163200
04/28/23, 26.10, 26.80, 26.10, 26.65, 14133400
04/27/23, 26.35, 26.35, 25.95, 25.95, 6234400
04/26/23, 26.35, 26.40, 26.05, 26.40, 8743700
04/25/23, 26.70, 26.70, 26.25, 26.35, 9791400
04/24/23, 26.25, 26.65, 26.20, 26.65, 8491800
04/20/23, 26.15, 26.35, 26.00, 26.20, 5878300
04/19/23, 26.15, 26.40, 25.90, 26.15, 12416400
04/18/23, 26.50, 26.65, 26.15, 26.40, 8319200
04/17/23, 26.50, 26.70, 26.00, 26.70, 9126200
04/14/23, 26.40, 26.65, 25.95, 26.50, 13258900
04/13/23, 26.50, 26.60, 25.40, 26.45, 38820199
04/12/23, 27.40, 27.40, 26.70, 27.05, 9418500
04/11/23, 28.00, 28.35, 27.25, 27.30, 7580700
04/05/23, 27.45, 28.40, 27.45, 27.70, 9373300
04/04/23, 27.40, 27.45, 27.00, 27.35, 7176700
04/03/23, 27.00, 27.45, 26.85, 27.40, 8097400
03/31/23, 28.10, 28.40, 26.50, 26.50, 18741500
03/30/23, 28.90, 29.00, 28.25, 28.50, 7024200
03/29/23, 28.55, 28.90, 28.40, 28.90, 7453500
03/28/23, 28.60, 28.80, 28.40, 28.45, 5209900
03/27/23, 28.45, 28.60, 28.10, 28.50, 2864100
03/24/23, 28.35, 28.50, 28.00, 28.50, 9862300
03/23/23, 27.60, 28.35, 27.60, 28.35, 4672800
03/22/23, 28.15, 28.55, 28.05, 28.20, 8852200
03/21/23, 27.10, 28.00, 27.10, 28.00, 6625400
03/20/23, 26.10, 27.05, 25.95, 27.00, 4707500
03/17/23, 26.40, 26.55, 26.10, 26.20, 18391301
03/16/23, 26.30, 26.50, 25.85, 26.30, 13352500
03/15/23, 26.75, 26.75, 26.40, 26.50, 18942100
03/14/23, 26.75, 26.85, 26.25, 26.30, 28265600
03/13/23, 26.20, 27.00, 26.00, 26.35, 14561500
03/10/23, 26.95, 26.95, 26.20, 26.45, 14414500
03/09/23, 28.10, 28.35, 27.00, 27.00, 13607800
03/08/23, 28.30, 28.45, 28.05, 28.15, 8988700
03/07/23, 29.00, 29.45, 28.30, 28.30, 9641800
03/06/23, 28.50, 29.05, 28.40, 28.65, 7445300
03/03/23, 28.70, 28.85, 28.30, 28.35, 5267800
03/02/23, 28.85, 29.50, 28.45, 28.85, 14284000
03/01/23, 28.55, 28.85, 28.35, 28.85, 4937000
02/28/23, 28.45, 28.70, 28.10, 28.50, 21897400
02/27/23, 28.10, 28.50, 27.85, 28.50, 9666300
02/23/23, 28.20, 28.40, 27.90, 28.05, 11448300
02/22/23, 28.50, 28.50, 28.10, 28.20, 9899500
02/21/23, 29.10, 29.25, 28.75, 28.95, 9549300
02/20/23, 29.50, 29.65, 29.10, 29.10, 6286400
02/17/23, 29.55, 29.60, 29.20, 29.35, 5416300
02/16/23, 29.15, 29.90, 28.95, 29.60, 6485700
02/15/23, 28.70, 29.15, 28.40, 29.05, 7639700
02/14/23, 28.80, 28.90, 28.40, 28.70, 4957300
02/13/23, 29.35, 29.45, 28.60, 28.60, 5129100
02/10/23, 29.20, 29.45, 28.95, 29.25, 4663500
02/09/23, 29.25, 29.40, 28.90, 29.10, 10301700
02/08/23, 29.15, 29.75, 29.15, 29.20, 8450900
02/07/23, 29.30, 29.55, 29.05, 29.05, 10874100
02/06/23, 29.55, 29.85, 29.15, 29.30, 20701100
02/03/23, 30.00, 30.15, 29.10, 29.40, 55900898
02/02/23, 30.50, 30.60, 29.75, 29.75, 18456699
02/01/23, 29.95, 30.50, 29.60, 30.50, 26520100
01/31/23, 31.05, 31.15, 29.30, 29.30, 31660301
01/30/23, 32.65, 32.70, 31.00, 31.05, 16110800
01/27/23, 32.75, 33.05, 32.65, 32.90, 6436600
01/26/23, 32.80, 32.90, 32.35, 32.65, 4805100
01/25/23, 33.15, 33.25, 32.70, 32.80, 8870900
01/24/23, 32.80, 33.45, 32.50, 32.85, 11780000
01/23/23, 32.45, 32.80, 32.15, 32.80, 7089400
01/20/23, 31.95, 32.65, 31.50, 32.65, 5109700
01/19/23, 32.20, 32.40, 31.95, 32.00, 6268100
01/18/23, 31.95, 32.60, 31.50, 32.45, 13946300
01/17/23, 31.60, 32.35, 31.05, 31.95, 9779300
01/16/23, 31.05, 32.20, 31.05, 31.60, 12287600
01/13/23, 31.00, 31.15, 30.30, 31.00, 22706801
01/12/23, 30.00, 31.00, 30.00, 31.00, 4875900
01/11/23, 30.10, 30.35, 29.90, 30.00, 4951600
01/10/23, 30.45, 30.70, 30.00, 30.00, 4335000
01/09/23, 30.65, 31.00, 30.25, 30.70, 3846500
01/06/23, 31.00, 31.05, 29.80, 30.25, 6895400
01/05/23, 31.25, 31.30, 30.85, 31.25, 5185000
01/04/23, 30.50, 31.40, 30.50, 31.25, 15226400
01/03/23, 30.40, 30.70, 30.30, 30.40, 3853800
12/29/22, 30.10, 30.80, 29.95, 30.80, 10155300
12/28/22, 30.00, 30.05, 29.55, 30.05, 3224600
12/27/22, 29.25, 30.00, 28.95, 30.00, 4703700
12/23/22, 29.75, 29.85, 29.20, 29.20, 1686300
12/22/22, 29.90, 30.25, 29.50, 29.90, 5030600
12/21/22, 29.90, 29.95, 29.45, 29.90, 3306100
12/20/22, 29.40, 30.00, 29.00, 29.90, 7649800
12/19/22, 29.25, 29.40, 28.50, 29.40, 3312400
12/16/22, 28.90, 29.25, 28.70, 29.25, 33607602
12/15/22, 29.65, 29.70, 29.00, 29.00, 6476900
12/14/22, 29.50, 29.75, 29.10, 29.50, 11492800
12/13/22, 29.15, 29.45, 29.15, 29.35, 5232900
12/12/22, 29.50, 29.85, 29.10, 29.10, 6565100
12/09/22, 29.65, 29.65, 28.90, 29.20, 10260200
12/07/22, 29.70, 29.80, 29.00, 29.00, 9458700
12/06/22, 29.30, 29.90, 28.90, 29.90, 10944600
12/05/22, 29.05, 30.30, 29.05, 29.30, 7819300
12/02/22, 29.80, 29.85, 28.90, 29.00, 8367200
12/01/22, 31.05, 31.20, 29.60, 29.60, 15749700
11/29/22, 29.45, 31.70, 29.25, 31.50, 47866602
11/28/22, 29.40, 29.95, 28.85, 29.95, 12573800
11/25/22, 29.00, 29.50, 28.60, 29.40, 6567100
11/24/22, 28.65, 29.80, 28.60, 29.30, 14155000
11/23/22, 27.55, 28.45, 27.50, 28.45, 8326300
11/22/22, 28.25, 28.45, 27.10, 27.10, 12947400
11/21/22, 29.65, 29.70, 28.10, 28.10, 10922500
11/18/22, 28.60, 29.70, 28.55, 29.70, 17509199
11/17/22, 27.75, 28.50, 27.70, 28.50, 14031400
11/16/22, 27.30, 27.80, 27.20, 27.80, 14442300
11/15/22, 27.20, 27.35, 26.75, 27.30, 6941400
11/14/22, 27.10, 27.50, 27.05, 27.20, 6239000
11/11/22, 27.45, 27.70, 26.90, 26.90, 12939700
11/10/22, 25.90, 26.30, 25.55, 26.15, 6794700
11/09/22, 26.10, 26.30, 25.55, 26.05, 9371300
11/08/22, 26.10, 26.75, 25.75, 26.00, 11936800
11/07/22, 25.80, 26.10, 25.70, 25.70, 5469300
11/04/22, 26.45, 26.60, 25.25, 25.35, 11758500
11/03/22, 26.90, 26.95, 26.15, 26.65, 10651000
11/02/22, 26.60, 27.20, 26.05, 27.20, 24275801
10/28/22, 26.40, 26.40, 25.50, 25.50, 10104800
10/27/22, 26.50, 26.65, 26.15, 26.40, 17207000
10/26/22, 26.35, 26.70, 26.05, 26.60, 10767300
10/25/22, 26.35, 26.40, 25.90, 26.40, 14527100
10/24/22, 26.00, 26.55, 25.95, 26.40, 14557000
10/21/22, 25.90, 25.95, 25.45, 25.95, 11753100
10/20/22, 25.80, 26.30, 25.45, 25.70, 29253600
10/19/22, 25.75, 26.05, 25.40, 25.80, 13360100
10/18/22, 24.40, 25.80, 24.25, 25.80, 22662801
10/17/22, 23.45, 24.15, 23.30, 23.95, 9686700
10/14/22, 23.50, 23.90, 23.25, 23.50, 13724300
10/13/22, 22.80, 23.05, 22.70, 22.80, 10763800
10/12/22, 22.75, 22.90, 22.55, 22.70, 5620200
10/11/22, 23.00, 23.20, 22.70, 22.70, 9411800
10/10/22, 23.00, 23.20, 22.95, 23.00, 6030400
10/07/22, 23.70, 23.70, 23.30, 23.40, 6195700
10/06/22, 23.85, 24.10, 23.50, 23.80, 7071200
10/05/22, 24.45, 24.60, 23.50, 23.80, 10323000
10/04/22, 23.85, 24.05, 23.40, 24.05, 11838900
10/03/22, 23.10, 23.85, 22.75, 23.00, 10266800
09/30/22, 23.00, 23.45, 22.75, 22.85, 20544801
09/29/22, 23.80, 24.05, 23.10, 23.10, 16692699
09/28/22, 24.45, 24.55, 22.95, 23.05, 24728301
09/27/22, 24.50, 24.70, 23.60, 24.40, 27554801
09/23/22, 25.60, 25.65, 24.40, 25.00, 28786000
09/22/22, 26.65, 26.65, 25.50, 25.55, 22991900
09/21/22, 27.65, 27.90, 26.80, 26.95, 20100100
09/20/22, 28.15, 28.30, 27.65, 27.65, 10913100
09/19/22, 28.55, 28.75, 28.00, 28.00, 7858600
09/16/22, 28.50, 28.80, 28.25, 28.55, 16750199
09/15/22, 28.50, 29.20, 28.50, 28.60, 12380800
09/14/22, 27.80, 28.85, 27.80, 28.40, 9334100
09/13/22, 29.15, 29.20, 28.20, 28.50, 10496000
09/12/22, 28.25, 29.30, 28.20, 29.15, 11260900
09/09/22, 28.00, 28.40, 27.70, 27.80, 13464500
09/08/22, 28.70, 28.95, 27.80, 27.80, 17496801
09/07/22, 30.00, 30.00, 28.55, 28.55, 8821600
09/06/22, 28.95, 30.15, 28.85, 29.90, 14869800
09/05/22, 29.05, 29.25, 28.75, 29.00, 6951500
09/02/22, 28.50, 29.30, 28.50, 29.05, 5150400
09/01/22, 28.70, 28.80, 28.20, 28.65, 11296600
08/31/22, 28.50, 29.00, 28.30, 28.65, 14635000
08/30/22, 28.30, 28.95, 28.30, 28.90, 12611000
08/26/22, 28.60, 29.30, 28.40, 29.30, 17821600
08/25/22, 28.75, 29.10, 28.35, 28.50, 8835700
08/24/22, 28.00, 28.80, 28.00, 28.80, 5811800
08/23/22, 28.35, 28.40, 27.75, 27.85, 20957199
08/22/22, 29.30, 29.30, 28.65, 28.90, 14317000
08/19/22, 28.85, 29.80, 28.70, 29.55, 19850801
08/18/22, 29.00, 29.30, 28.60, 28.60, 18143900
08/17/22, 30.00, 30.55, 29.30, 29.40, 21857199
08/16/22, 29.20, 30.25, 28.35, 30.20, 27120900
08/15/22, 28.35, 29.25, 28.15, 29.10, 11398200
08/12/22, 27.90, 28.75, 27.60, 28.50, 16601000
08/11/22, 26.80, 28.20, 26.70, 28.05, 26664301
08/10/22, 26.50, 26.55, 26.00, 26.35, 10237600
08/09/22, 25.25, 26.35, 25.10, 26.35, 21578400
08/08/22, 25.95, 26.15, 25.20, 25.20, 4831200
08/05/22, 26.20, 26.50, 25.70, 25.90, 11883400
08/04/22, 26.05, 26.35, 25.65, 26.00, 9020100
08/03/22, 26.10, 26.60, 25.80, 25.95, 12255100
08/02/22, 25.45, 26.10, 25.45, 26.10, 10500500
08/01/22, 25.45, 25.95, 25.05, 25.45, 8392800
07/29/22, 25.00, 25.35, 24.25, 25.25, 23148100
07/28/22, 24.70, 25.20, 24.65, 25.00, 10273400
07/27/22, 23.80, 24.45, 23.60, 24.40, 4578700
07/26/22, 24.00, 24.30, 23.70, 23.80, 9632800
07/25/22, 24.75, 24.75, 23.65, 24.00, 13785900
07/22/22, 25.40, 25.40, 24.70, 24.90, 5258300
07/21/22, 25.50, 26.25, 25.45, 25.50, 17087900
07/20/22, 24.60, 25.65, 24.60, 25.20, 16393199
07/19/22, 24.80, 25.10, 24.30, 24.40, 13288800
07/18/22, 23.00, 24.85, 22.80, 24.85, 28998500
07/15/22, 23.70, 23.70, 22.35, 22.55, 34992301
07/14/22, 24.55, 24.80, 23.40, 23.80, 31346801
07/13/22, 25.30, 25.30, 24.35, 24.40, 23302000
07/12/22, 25.50, 25.80, 25.25, 25.25, 19359000
07/11/22, 26.15, 26.20, 25.00, 25.45, 27497400
07/08/22, 26.50, 26.70, 25.70, 25.90, 39698898
07/07/22, 26.90, 27.40, 26.15, 26.15, 16053400
07/06/22, 26.55, 27.25, 26.10, 26.90, 15866600
07/05/22, 26.00, 26.70, 26.00, 26.40, 15665900
07/04/22, 26.05, 26.35, 25.70, 25.70, 8108800
07/01/22, 25.80, 26.70, 25.60, 26.00, 6139400
06/30/22, 26.90, 27.30, 25.50, 25.50, 18331301
06/29/22, 27.20, 27.80, 26.80, 26.80, 9339400
06/28/22, 27.30, 27.50, 26.60, 27.20, 17321699
06/27/22, 27.20, 28.05, 27.10, 27.40, 19054600
06/24/22, 25.85, 27.10, 25.85, 26.85, 12560200
06/23/22, 26.60, 26.95, 25.65, 25.65, 13907800
06/22/22, 27.75, 27.85, 26.50, 26.50, 10326100
06/21/22, 27.90, 28.45, 27.40, 27.65, 9489500
06/20/22, 28.25, 28.25, 27.60, 27.80, 6847500
06/17/22, 28.10, 28.25, 27.80, 27.80, 10137100
06/16/22, 28.80, 28.90, 28.20, 28.40, 11302500
06/15/22, 29.55, 29.80, 28.10, 28.10, 9069800
06/14/22, 29.30, 29.65, 29.05, 29.35, 26460801
06/13/22, 29.80, 30.50, 29.00, 30.05, 13468000
06/10/22, 31.00, 31.45, 30.00, 30.00, 13299300
06/09/22, 31.95, 32.00, 31.30, 31.70, 11034800
06/08/22, 30.95, 32.20, 30.65, 32.00, 21958100
06/07/22, 30.05, 30.95, 29.60, 30.95, 10554700
06/06/22, 30.00, 30.10, 29.30, 29.95, 6684700
06/03/22, 29.65, 30.10, 29.50, 30.00, 12745400
06/02/22, 29.25, 29.65, 29.25, 29.55, 8021600
06/01/22, 29.75, 29.95, 29.30, 29.55, 8795200
05/31/22, 29.60, 30.20, 29.20, 29.60, 104712898
05/30/22, 29.00, 29.90, 28.85, 29.60, 13962500
05/27/22, 28.45, 28.85, 28.10, 28.85, 13453100
05/26/22, 28.40, 28.85, 28.05, 28.05, 14206100
05/25/22, 27.75, 28.35, 27.75, 28.30, 7983800
05/24/22, 28.65, 28.65, 27.70, 27.70, 10817100
05/23/22, 29.30, 29.30, 28.30, 28.50, 16208900
05/20/22, 28.50, 29.20, 28.15, 29.00, 15251600
05/19/22, 28.50, 28.85, 27.95, 27.95, 14678100
05/18/22, 30.00, 30.00, 28.80, 28.80, 13220800
05/17/22, 28.85, 29.45, 28.60, 29.45, 10209700
05/16/22, 28.30, 29.40, 28.00, 28.40, 23981000
05/13/22, 29.00, 29.10, 27.50, 27.50, 40280102
05/12/22, 30.50, 30.50, 29.15, 29.15, 24154500
05/11/22, 31.50, 31.55, 30.60, 30.60, 13499500
05/10/22, 32.00, 32.20, 31.50, 31.50, 11780800
05/06/22, 32.45, 32.90, 32.10, 32.50, 13005200
05/05/22, 32.50, 33.05, 32.35, 32.55, 4381700
05/04/22, 32.40, 32.40, 31.40, 32.00, 13854900
05/02/22, 32.20, 32.50, 31.70, 32.10, 8375000
04/29/22, 33.70, 33.75, 32.05, 32.05, 21257500
04/28/22, 34.10, 34.45, 33.60, 33.60, 11536400
04/27/22, 34.70, 34.95, 33.95, 34.00, 11972800
04/26/22, 34.70, 35.20, 34.70, 35.20, 4693000
04/25/22, 34.50, 34.75, 34.20, 34.75, 6238300
04/22/22, 35.30, 35.30, 34.40, 34.80, 15188300
04/21/22, 35.60, 35.60, 34.85, 35.00, 6320200
04/20/22, 34.20, 35.60, 34.20, 35.60, 6676200
04/19/22, 34.10, 34.50, 34.00, 34.00, 3767500
04/18/22, 34.50, 34.50, 34.10, 34.10, 4526500
04/13/22, 34.05, 34.35, 34.00, 34.00, 4703800
04/12/22, 34.40, 34.45, 34.00, 34.00, 10772500
04/11/22, 34.90, 34.90, 34.30, 34.30, 5796100
04/08/22, 34.25, 34.95, 34.25, 34.95, 4503200
04/07/22, 34.80, 35.00, 34.20, 34.20, 8240900
04/06/22, 34.95, 35.15, 34.80, 34.80, 7997800
04/05/22, 35.35, 35.45, 34.70, 34.85, 9875600
04/04/22, 35.05, 35.50, 35.05, 35.30, 5848100
04/01/22, 35.10, 35.20, 34.75, 34.95, 10123500
03/31/22, 35.70, 35.80, 35.05, 35.05, 16600801
03/30/22, 35.20, 36.00, 35.20, 35.60, 8648500
03/29/22, 35.50, 35.60, 35.10, 35.25, 10492000
03/28/22, 36.00, 36.05, 35.65, 36.00, 5011300
03/25/22, 35.85, 36.10, 35.60, 36.00, 8273400
03/24/22, 35.45, 36.00, 35.15, 36.00, 6665500
03/23/22, 35.00, 35.50, 35.00, 35.35, 8052700
03/22/22, 34.70, 35.00, 34.50, 34.95, 6140600
03/21/22, 35.55, 36.05, 34.60, 34.70, 10682700
03/18/22, 36.50, 36.50, 35.45, 35.45, 18784000
03/17/22, 36.20, 36.70, 35.80, 36.55, 9235300
03/16/22, 35.35, 36.15, 35.10, 35.60, 12266500
03/15/22, 34.55, 35.40, 34.05, 35.40, 16740600
03/14/22, 36.50, 36.55, 34.05, 34.05, 22369000
03/11/22, 36.55, 36.90, 36.15, 36.85, 6835600
03/10/22, 37.80, 37.85, 36.55, 36.70, 9312400
03/09/22, 36.80, 38.05, 35.95, 37.20, 10201900
03/08/22, 37.00, 37.65, 36.40, 36.90, 22701000
03/07/22, 38.00, 38.00, 36.50, 37.80, 6710300
03/04/22, 38.00, 38.20, 37.60, 38.20, 1853000
03/03/22, 37.95, 38.00, 37.40, 38.00, 4612500
03/02/22, 38.50, 38.65, 37.90, 37.90, 8991100
03/01/22, 38.70, 39.35, 38.70, 39.00, 16712301
02/28/22, 37.20, 39.00, 37.05, 39.00, 16803900
02/24/22, 38.25, 38.70, 37.15, 37.20, 8293800
02/23/22, 39.30, 39.30, 38.20, 38.20, 6932200
02/22/22, 39.10, 39.50, 38.70, 39.50, 6776700
02/21/22, 39.75, 39.80, 38.60, 39.70, 12116400
02/18/22, 38.50, 39.65, 37.60, 39.65, 15098100
02/17/22, 38.90, 38.90, 38.40, 38.70, 5203600
02/16/22, 37.80, 38.90, 37.70, 38.90, 13150300
02/15/22, 36.95, 37.80, 36.80, 37.80, 6656400
02/14/22, 37.15, 37.85, 36.90, 37.85, 6052000
02/11/22, 37.95, 38.00, 37.15, 37.15, 13583200
02/10/22, 37.85, 38.20, 37.50, 38.00, 13653900
02/09/22, 37.00, 37.85, 36.80, 37.85, 16209200
02/08/22, 36.45, 36.90, 36.20, 36.80, 4867900
02/07/22, 37.05, 37.15, 36.05, 36.05, 4885400
02/04/22, 36.60, 37.10, 36.10, 37.10, 4446800
02/03/22, 37.00, 37.00, 36.60, 36.65, 7842700
02/02/22, 36.40, 38.00, 36.40, 37.00, 17667400
01/31/22, 34.70, 35.90, 34.65, 35.90, 10307500
01/28/22, 34.65, 35.00, 34.20, 34.20, 7065800
01/27/22, 34.20, 34.65, 34.10, 34.65, 2863400
01/26/22, 34.60, 34.65, 34.10, 34.10, 9624500
01/25/22, 35.00, 35.20, 34.60, 34.75, 7499000
01/24/22, 34.80, 35.10, 34.70, 35.10, 4603100
01/21/22, 34.20, 34.65, 33.85, 34.65, 8720300
01/20/22, 35.00, 35.00, 34.05, 34.10, 11850400
01/19/22, 35.40, 35.55, 34.65, 35.00, 7333800
01/18/22, 35.75, 35.95, 35.00, 35.95, 3801200
01/17/22, 36.00, 36.00, 35.65, 35.70, 2595100
01/14/22, 35.35, 36.20, 35.30, 36.20, 4331100
01/13/22, 35.60, 35.80, 35.30, 35.80, 7265700
01/12/22, 34.50, 35.60, 34.45, 35.60, 8549500
01/11/22, 34.45, 34.50, 34.00, 34.45, 11470500
01/10/22, 33.85, 34.55, 33.75, 34.50, 6478800
01/07/22, 34.55, 34.65, 33.70, 33.85, 10437800
01/06/22, 33.80, 34.90, 33.70, 34.90, 5471800
01/05/22, 34.70, 35.00, 33.55, 33.75, 19416400
01/03/22, 35.30, 35.35, 34.70, 34.70, 4072300
12/31/21, 35.30, 36.70, 34.60, 36.70, 9961600
12/29/21, 35.00, 35.65, 34.80, 35.65, 1965600
12/28/21, 35.50, 35.80, 35.05, 35.05, 3250000
12/27/21, 35.35, 35.80, 35.25, 35.50, 2451900
12/24/21, 35.30, 35.40, 35.00, 35.25, 951800
12/23/21, 34.60, 35.30, 34.20, 35.30, 4808100
12/22/21, 34.65, 35.05, 33.95, 34.00, 9664700
12/21/21, 35.25, 35.50, 34.50, 34.50, 7115200
12/20/21, 35.00, 35.90, 34.80, 34.90, 7096400
12/17/21, 35.30, 35.45, 34.85, 34.85, 17623900
12/16/21, 35.35, 35.85, 34.85, 35.30, 10427100
12/15/21, 35.95, 36.15, 35.20, 35.85, 12758400
12/14/21, 37.00, 37.00, 35.55, 36.00, 7300000
12/13/21, 35.55, 36.25, 35.55, 36.00, 11333000
12/10/21, 35.60, 35.70, 35.35, 35.55, 3836600
12/09/21, 35.35, 35.75, 35.30, 35.50, 5435000
12/07/21, 35.55, 35.80, 35.00, 35.80, 5915800
12/06/21, 34.55, 35.55, 34.50, 35.50, 5227600
12/03/21, 34.30, 35.00, 34.30, 34.50, 6380500
12/02/21, 33.30, 34.35, 33.25, 34.00, 13734800
12/01/21, 34.65, 35.10, 33.20, 33.20, 21744600
11/29/21, 35.70, 35.70, 34.50, 34.50, 30791801
11/26/21, 36.60, 37.00, 36.00, 36.20, 14954700
11/25/21, 37.00, 37.10, 36.65, 37.10, 2375300
11/24/21, 36.75, 37.30, 36.55, 36.90, 3789000
11/23/21, 36.65, 37.15, 36.40, 36.65, 4904000
11/22/21, 37.15, 37.15, 36.65, 37.10, 4135900
11/19/21, 36.50, 37.15, 36.20, 37.15, 3220900
11/18/21, 36.20, 36.90, 36.00, 36.50, 4821200
11/17/21, 36.35, 36.70, 36.00, 36.00, 6818300
11/16/21, 37.00, 37.00, 36.10, 36.30, 10307600
11/15/21, 37.95, 37.95, 36.75, 36.75, 3944600
11/12/21, 36.95, 37.95, 36.90, 37.95, 5741400
11/11/21, 37.50, 37.90, 37.00, 37.00, 4576900
11/10/21, 38.05, 38.10, 37.25, 38.00, 5095200
11/09/21, 37.85, 38.00, 37.10, 38.00, 7758000
11/08/21, 37.50, 38.05, 37.50, 37.80, 4966900
11/05/21, 36.80, 37.50, 36.50, 37.50, 8784500
11/04/21, 36.40, 37.10, 36.05, 36.65, 2688100
11/03/21, 35.20, 36.25, 35.20, 36.25, 4745900
11/02/21, 35.20, 36.05, 34.95, 34.95, 7221900
10/29/21, 35.65, 35.95, 34.50, 35.10, 12187700
10/28/21, 35.90, 36.10, 35.65, 35.65, 12283400
10/27/21, 35.95, 36.90, 35.95, 36.10, 4699100
10/26/21, 36.05, 36.35, 35.65, 35.95, 14978500
10/25/21, 37.50, 37.50, 35.85, 35.85, 14539400
10/22/21, 38.00, 38.00, 37.25, 37.50, 2291400
10/21/21, 38.15, 38.60, 37.60, 38.15, 8658300
10/20/21, 37.50, 38.15, 37.25, 38.15, 8737100
10/19/21, 38.15, 38.80, 37.40, 37.90, 8827100
10/18/21, 37.20, 38.40, 37.10, 38.00, 12726300
10/15/21, 36.80, 37.05, 36.20, 37.05, 30775900
10/14/21, 36.60, 37.00, 36.60, 36.80, 10817700
10/13/21, 36.00, 36.10, 35.25, 35.90, 8587400
10/12/21, 36.05, 36.50, 35.50, 35.95, 11271100
10/11/21, 33.90, 36.00, 33.85, 36.00, 16359900
10/08/21, 33.55, 34.70, 33.40, 33.85, 7890200
10/07/21, 33.35, 33.75, 33.20, 33.40, 6512000
10/06/21, 32.75, 33.60, 32.75, 33.40, 6670600
10/05/21, 32.65, 32.80, 32.45, 32.65, 11551900
10/04/21, 32.75, 33.15, 32.70, 32.75, 4438800
10/01/21, 33.20, 33.60, 32.65, 32.65, 3181700
09/30/21, 33.05, 33.60, 32.90, 33.50, 6510700
09/29/21, 33.05, 33.45, 32.80, 33.05, 16331100
09/28/21, 33.75, 33.75, 33.00, 33.00, 7418000
09/27/21, 33.95, 33.95, 33.65, 33.90, 6644200
09/24/21, 33.80, 34.35, 33.75, 33.95, 4167500
09/23/21, 33.15, 33.90, 33.10, 33.65, 6915700
09/22/21, 33.00, 33.60, 32.85, 32.85, 4396400
09/21/21, 32.60, 33.25, 32.50, 33.10, 7954200
09/20/21, 33.50, 33.50, 32.70, 32.95, 3340000
09/17/21, 33.30, 33.50, 32.65, 33.50, 17989400
09/16/21, 33.10, 33.35, 32.90, 33.30, 4997400
09/15/21, 33.60, 33.90, 32.60, 32.60, 11272100
09/14/21, 33.75, 34.15, 33.60, 33.60, 4806500
09/13/21, 34.40, 34.40, 33.75, 33.75, 3925000
09/10/21, 34.10, 34.50, 33.90, 34.50, 3903800
09/09/21, 33.50, 34.10, 33.20, 34.10, 5082100
09/08/21, 33.30, 33.80, 32.65, 33.80, 11840800
09/07/21, 34.00, 34.00, 33.30, 33.45, 4815100
09/06/21, 33.15, 33.80, 33.15, 33.80, 1934300
09/03/21, 33.25, 33.45, 33.05, 33.10, 7053500
09/02/21, 33.50, 33.75, 33.15, 33.15, 6292000
09/01/21, 33.50, 34.05, 33.05, 33.05, 8735900
08/31/21, 33.70, 33.90, 32.65, 33.75, 19090400
08/27/21, 34.20, 34.20, 33.50, 33.50, 4368000
08/26/21, 34.10, 34.45, 34.05, 34.30, 5623300
08/25/21, 33.70, 34.00, 33.55, 34.00, 7248100
08/24/21, 33.70, 33.80, 33.40, 33.70, 5199500
08/23/21, 34.80, 35.00, 33.20, 33.20, 6870600
08/20/21, 34.75, 35.20, 34.70, 34.70, 6545300
08/19/21, 34.05, 34.75, 33.60, 34.75, 5557000
08/18/21, 32.95, 34.05, 32.95, 34.05, 5323300
08/17/21, 32.85, 33.40, 32.85, 32.85, 10467300
08/16/21, 32.30, 33.05, 32.30, 32.80, 9794600
08/13/21, 33.35, 33.55, 31.70, 31.70, 17686500
08/12/21, 34.20, 34.20, 33.15, 33.35, 5168500
08/11/21, 33.20, 34.25, 33.20, 34.20, 16054000
08/10/21, 33.80, 33.80, 32.90, 33.20, 6395500
08/09/21, 32.75, 33.80, 32.40, 33.80, 9735200
08/06/21, 32.80, 32.80, 32.25, 32.30, 13219200
08/05/21, 33.45, 33.45, 32.45, 32.50, 11442300
08/04/21, 33.80, 33.80, 33.30, 33.30, 8892200
08/03/21, 33.85, 33.95, 33.15, 33.80, 13255000
08/02/21, 33.00, 34.00, 32.90, 34.00, 2455000
07/30/21, 35.00, 35.00, 32.70, 32.70, 12663000
07/29/21, 34.50, 35.15, 33.80, 35.15, 8509300
07/28/21, 33.80, 34.05, 33.15, 34.05, 11649200
07/27/21, 32.55, 33.85, 32.55, 33.85, 9157100
07/26/21, 33.05, 33.75, 32.50, 32.50, 6480000
07/23/21, 34.25, 34.75, 33.15, 33.15, 9074700
07/22/21, 34.30, 35.00, 34.05, 34.05, 7208100
07/21/21, 34.40, 34.60, 33.75, 34.30, 11166300
07/19/21, 35.10, 35.10, 34.10, 34.10, 6665200
07/16/21, 35.50, 36.10, 35.20, 35.50, 6702500
07/15/21, 35.85, 35.90, 35.50, 35.50, 7585900
07/14/21, 35.55, 35.95, 35.35, 35.95, 8543900
07/13/21, 36.90, 36.90, 35.65, 35.65, 7817700
07/12/21, 36.00, 37.00, 35.90, 36.95, 6670400
07/09/21, 36.10, 36.30, 35.15, 36.00, 13774000
07/08/21, 36.35, 36.65, 36.10, 36.10, 10335600
07/07/21, 36.75, 36.90, 36.30, 36.35, 4051200
07/06/21, 37.40, 37.40, 36.65, 36.80, 3255500
07/05/21, 36.70, 37.20, 36.70, 37.20, 1867700
07/02/21, 36.70, 36.95, 36.35, 36.90, 2887800
07/01/21, 36.25, 37.40, 36.25, 36.50, 10485300
06/30/21, 36.20, 36.45, 36.05, 36.05, 13735500
06/29/21, 36.75, 37.00, 36.15, 36.15, 11190000
06/28/21, 37.00, 37.35, 36.70, 36.70, 7503600
06/25/21, 37.15, 37.50, 36.90, 37.00, 9963600
06/24/21, 37.80, 37.80, 36.80, 37.10, 9335400
06/23/21, 36.90, 37.90, 36.90, 37.90, 5576400
06/22/21, 36.50, 37.25, 36.45, 36.85, 6567900
06/21/21, 36.00, 36.65, 35.80, 36.50, 6263700
06/18/21, 36.70, 36.85, 36.00, 36.00, 26411000
06/17/21, 37.40, 37.40, 36.60, 36.65, 9864700
06/16/21, 37.10, 37.65, 37.05, 37.65, 11208900
06/15/21, 37.15, 37.25, 36.65, 37.10, 10793400
06/14/21, 38.20, 38.20, 36.90, 37.05, 9089600
06/11/21, 37.70, 38.30, 37.65, 38.30, 7137000
06/10/21, 38.30, 38.35, 37.55, 37.70, 24411199
06/09/21, 36.95, 38.30, 36.90, 38.30, 15343900
06/08/21, 36.50, 36.95, 36.10, 36.95, 6456400
06/07/21, 36.65, 36.70, 35.80, 36.30, 7407600
06/04/21, 36.60, 36.75, 36.10, 36.40, 11151600
06/03/21, 36.70, 36.70, 36.05, 36.50, 14016700
06/02/21, 35.05, 36.95, 34.90, 36.95, 23316900
06/01/21, 33.90, 35.00, 33.50, 35.00, 7723100
05/31/21, 34.65, 34.85, 33.85, 34.40, 12797500
05/28/21, 34.30, 35.00, 34.05, 34.50, 29652500
05/27/21, 33.10, 34.75, 32.80, 34.75, 32749801
05/26/21, 32.05, 32.90, 32.05, 32.65, 21772801
05/25/21, 31.80, 32.10, 31.60, 32.00, 5770500
05/24/21, 32.15, 32.15, 31.50, 31.60, 4679600
05/21/21, 32.00, 32.20, 31.50, 32.15, 6208500
05/20/21, 31.60, 32.20, 31.30, 32.20, 7416700
05/19/21, 32.20, 32.20, 31.25, 31.35, 7006500
05/18/21, 32.25, 32.65, 31.90, 32.00, 16567400
05/17/21, 31.20, 32.95, 31.20, 32.95, 11520900
05/14/21, 32.10, 32.15, 31.00, 31.20, 10993000
05/12/21, 32.25, 32.30, 31.90, 31.95, 13182900
05/11/21, 32.15, 32.30, 32.05, 32.25, 9729100
05/10/21, 32.25, 32.40, 32.00, 32.20, 19485801
05/07/21, 32.25, 32.45, 32.00, 32.25, 12491300
05/06/21, 32.15, 32.30, 31.55, 32.20, 23977900
05/05/21, 31.85, 32.25, 31.80, 32.00, 10994000
05/04/21, 32.45, 32.50, 31.85, 31.85, 17640301
05/03/21, 32.35, 32.80, 32.30, 32.30, 11714000
04/30/21, 33.05, 33.10, 32.20, 32.20, 23506900
04/29/21, 32.80, 33.10, 32.65, 32.90, 8910200
04/28/21, 32.25, 33.10, 32.15, 32.75, 29086500
04/27/21, 32.70, 33.00, 32.05, 32.05, 16710900
04/26/21, 32.60, 32.90, 32.20, 32.50, 17636600
04/23/21, 32.35, 32.40, 32.10, 32.20, 52093102
04/22/21, 33.00, 33.05, 32.10, 32.10, 30051400
04/21/21, 33.15, 33.30, 33.00, 33.00, 18083801
04/20/21, 33.20, 33.50, 33.00, 33.05, 22741900
04/19/21, 33.10, 33.60, 33.05, 33.45, 7610500
04/16/21, 33.85, 33.90, 33.10, 33.25, 17399000
04/15/21, 33.25, 33.95, 33.10, 33.70, 12635900
04/14/21, 33.40, 33.45, 32.80, 33.25, 20741301
04/13/21, 34.15, 34.15, 33.25, 33.30, 15676700
04/12/21, 34.50, 34.85, 33.55, 34.05, 15424600
04/08/21, 34.60, 34.70, 34.50, 34.50, 10989900
04/07/21, 34.70, 34.90, 34.45, 34.50, 14564000
04/06/21, 34.95, 35.05, 34.45, 34.60, 8003500
04/05/21, 34.35, 35.05, 34.35, 34.50, 7539700
03/31/21, 35.50, 35.60, 34.35, 34.35, 14151100
03/30/21, 35.65, 35.65, 35.20, 35.45, 3663900
03/29/21, 34.45, 35.85, 34.10, 35.65, 9753000
03/26/21, 35.10, 35.20, 34.60, 35.00, 17345500
03/25/21, 35.10, 35.90, 35.05, 35.05, 19333699
03/24/21, 34.30, 35.20, 33.90, 34.90, 6531400
03/23/21, 33.85, 34.70, 33.85, 34.30, 8205700
03/22/21, 34.40, 34.95, 33.80, 33.80, 15852700
03/19/21, 36.00, 36.35, 34.50, 34.50, 18215000
03/18/21, 35.65, 36.75, 35.35, 36.00, 8668200
03/17/21, 35.75, 36.00, 35.40, 35.65, 9295700
03/16/21, 35.85, 36.65, 35.70, 35.75, 7751500
03/15/21, 36.70, 36.90, 35.00, 35.90, 11451700
03/12/21, 36.85, 37.00, 36.60, 37.00, 8230600
03/11/21, 37.05, 37.20, 36.25, 36.60, 8163900
03/10/21, 37.05, 37.50, 36.75, 37.35, 10421900
03/09/21, 37.60, 38.20, 36.60, 37.00, 7633800
03/08/21, 38.40, 38.40, 37.60, 37.75, 7317900
03/05/21, 38.50, 38.75, 38.10, 38.50, 7584700
03/04/21, 39.40, 39.40, 38.50, 38.50, 6635200
03/03/21, 39.40, 39.80, 39.15, 39.80, 2945700
03/02/21, 39.70, 39.75, 39.25, 39.50, 6343500
03/01/21, 39.55, 39.90, 39.05, 39.85, 8698200
02/26/21, 38.00, 39.70, 37.60, 39.05, 11816900
02/24/21, 39.65, 39.65, 38.25, 38.65, 6423200
02/23/21, 38.50, 38.65, 38.15, 38.20, 6764400
02/22/21, 38.95, 39.20, 38.35, 38.35, 5893700
02/19/21, 38.95, 39.40, 38.15, 39.00, 7749200
02/18/21, 39.75, 39.75, 38.70, 38.85, 10125000
02/17/21, 39.85, 39.95, 39.20, 39.55, 8388900
02/16/21, 40.00, 40.25, 39.95, 40.10, 9395000
02/15/21, 40.10, 40.90, 40.00, 40.00, 4798500
02/11/21, 40.50, 40.60, 39.95, 40.35, 3698200
02/10/21, 40.50, 41.20, 40.50, 40.50, 9768500
02/09/21, 40.70, 40.70, 40.20, 40.30, 4467200
02/08/21, 39.85, 40.75, 39.55, 40.75, 9445400
02/05/21, 38.90, 39.95, 38.30, 39.95, 8962300
02/04/21, 39.00, 39.00, 38.25, 38.90, 5037300
02/03/21, 39.30, 39.30, 38.20, 38.55, 6454800
02/02/21, 39.00, 39.55, 38.95, 39.30, 6652000
02/01/21, 37.50, 39.30, 36.85, 39.30, 8429400
01/29/21, 38.60, 39.70, 37.70, 37.70, 18671801
01/28/21, 38.75, 39.40, 38.70, 38.80, 5475100
01/27/21, 39.60, 39.80, 38.80, 38.80, 8092700
01/26/21, 39.50, 40.00, 39.30, 40.00, 8480100
01/25/21, 39.00, 40.00, 39.00, 40.00, 7227200
01/22/21, 39.55, 39.75, 38.70, 39.45, 7350700
01/21/21, 39.10, 39.90, 38.85, 39.85, 3387100
01/20/21, 39.60, 39.90, 38.30, 38.85, 8395400
01/19/21, 39.65, 39.65, 39.25, 39.65, 7662200
01/18/21, 40.00, 40.05, 39.20, 39.65, 8178000
01/15/21, 40.40, 40.50, 39.60, 40.15, 4766300
01/14/21, 40.00, 40.75, 39.15, 40.30, 9387300
01/13/21, 41.45, 41.50, 40.40, 40.40, 6850900
01/12/21, 41.45, 41.70, 40.80, 41.45, 6519600
01/11/21, 41.50, 42.00, 41.00, 41.40, 9225000
01/08/21, 40.70, 41.80, 40.50, 41.55, 6714900
01/07/21, 41.00, 41.00, 40.05, 40.70, 4213600
01/06/21, 41.00, 41.60, 39.00, 41.05, 6928000
01/05/21, 41.90, 41.90, 41.00, 41.00, 5308400
01/04/21, 40.80, 42.00, 40.65, 42.00, 5282500
12/29/20, 41.70, 41.70, 40.90, 40.90, 6322500
12/28/20, 41.20, 41.75, 41.05, 41.75, 4895800
12/23/20, 41.50, 41.80, 41.00, 41.75, 6492100
12/22/20, 41.25, 41.70, 40.45, 41.70, 6216500
12/21/20, 41.10, 41.75, 40.90, 41.75, 6142900
12/18/20, 41.50, 42.00, 40.80, 41.90, 11216000
12/17/20, 41.25, 42.00, 41.00, 42.00, 4489300
12/16/20, 41.00, 41.70, 40.35, 41.70, 4692000
12/15/20, 41.95, 42.00, 40.70, 41.30, 15198500
12/14/20, 41.05, 42.10, 40.60, 41.50, 9649800
12/11/20, 40.05, 41.95, 40.00, 41.60, 16865699
12/10/20, 38.75, 40.05, 38.75, 40.05, 10014600
12/09/20, 40.00, 40.25, 38.55, 38.70, 11126800
12/07/20, 39.80, 40.05, 39.15, 39.80, 11488000
12/04/20, 40.00, 40.30, 38.55, 39.95, 9974100
12/03/20, 40.00, 41.15, 39.30, 39.60, 14150300
12/02/20, 39.50, 40.50, 39.10, 40.50, 12510700
12/01/20, 36.10, 39.75, 36.00, 39.75, 16679199
11/27/20, 37.70, 38.00, 36.70, 38.00, 41245102
11/26/20, 37.55, 38.00, 36.80, 38.00, 14530600
11/25/20, 39.00, 39.50, 37.75, 37.75, 11123200
11/24/20, 39.45, 39.50, 38.50, 39.00, 11231200
11/23/20, 39.90, 40.30, 38.70, 38.70, 12266200
11/20/20, 39.50, 40.00, 39.15, 40.00, 7562200
11/19/20, 38.70, 39.65, 38.70, 39.25, 12962400
11/18/20, 38.95, 39.55, 38.65, 39.50, 10291900
11/17/20, 38.80, 39.20, 38.40, 38.85, 12700700
11/16/20, 39.30, 39.30, 38.00, 39.10, 12386800
11/13/20, 37.50, 39.50, 36.90, 39.50, 24118699
11/11/20, 37.65, 38.30, 36.95, 38.30, 28046699
11/10/20, 35.15, 37.75, 35.15, 37.75, 33791301
11/09/20, 34.80, 34.85, 34.25, 34.70, 10096200
11/06/20, 34.10, 35.00, 33.70, 35.00, 9633800
11/05/20, 33.50, 34.80, 33.50, 34.05, 16783600
11/04/20, 33.00, 33.50, 32.45, 33.35, 8909600
11/03/20, 31.80, 33.05, 31.80, 32.80, 5523900
10/30/20, 32.15, 33.15, 31.85, 33.00, 10161800
10/29/20, 33.30, 33.35, 32.15, 32.20, 11837400
10/28/20, 34.20, 34.20, 33.55, 33.85, 6890700
10/27/20, 34.20, 34.40, 33.60, 34.40, 15551300
10/26/20, 33.90, 34.40, 33.65, 34.40, 11651700
10/23/20, 33.50, 34.10, 33.15, 33.95, 20080900
10/22/20, 32.50, 33.50, 31.50, 33.50, 16365700
10/21/20, 31.30, 32.75, 31.30, 32.50, 23352199
10/20/20, 30.20, 31.35, 30.15, 31.35, 14048700
10/19/20, 29.45, 30.10, 29.40, 29.85, 7398400
10/16/20, 29.40, 29.45, 29.25, 29.30, 4961100
10/15/20, 29.75, 29.75, 29.30, 29.40, 9468700
10/14/20, 29.35, 29.80, 29.00, 29.80, 7857700
10/13/20, 29.40, 29.75, 29.35, 29.50, 8858200
10/12/20, 29.75, 29.75, 29.05, 29.35, 9452200
10/09/20, 29.95, 29.95, 29.50, 29.75, 4994300
10/08/20, 29.90, 30.05, 29.10, 30.05, 13218200
10/07/20, 29.80, 29.90, 29.30, 29.70, 8980600
10/06/20, 30.15, 30.15, 29.60, 30.00, 4682700
10/05/20, 30.70, 30.70, 30.10, 30.15, 5764200
10/02/20, 29.85, 30.70, 29.80, 30.70, 5847500
10/01/20, 29.80, 30.00, 29.60, 30.00, 2650000
09/30/20, 29.65, 29.90, 29.55, 29.70, 5789000
09/29/20, 29.85, 30.10, 29.45, 29.45, 4021600
09/28/20, 30.25, 30.40, 29.75, 29.80, 6079900
09/25/20, 29.50, 30.65, 29.50, 30.25, 14439600
09/24/20, 29.65, 29.95, 29.50, 29.95, 6078700
09/23/20, 29.85, 30.45, 29.75, 29.80, 5222500
09/22/20, 30.00, 30.15, 29.75, 30.00, 6124600
09/21/20, 30.80, 30.90, 30.30, 30.50, 4836900
09/18/20, 31.30, 31.35, 30.30, 31.00, 13833700
09/17/20, 31.45, 31.45, 30.75, 31.40, 8288900
09/16/20, 31.55, 31.70, 31.25, 31.45, 9497600
09/15/20, 31.25, 31.95, 30.85, 31.95, 9732400
09/14/20, 30.05, 31.30, 30.05, 31.30, 10443900
09/11/20, 29.90, 30.40, 29.70, 30.40, 6574200
09/10/20, 29.95, 30.30, 29.30, 30.00, 9511500
09/09/20, 30.45, 30.45, 29.65, 29.75, 11458000
09/08/20, 29.90, 30.90, 29.20, 30.90, 13582100
09/07/20, 28.60, 30.00, 28.10, 30.00, 20669400
09/04/20, 27.00, 28.20, 26.95, 28.20, 19286500
09/03/20, 27.05, 27.75, 26.50, 26.90, 22755600
09/02/20, 28.10, 28.25, 27.00, 27.00, 40418801
09/01/20, 29.50, 29.65, 28.30, 28.30, 19823000
08/28/20, 29.65, 29.85, 28.80, 28.80, 28158301
08/27/20, 30.05, 30.10, 29.70, 29.70, 17572500
08/26/20, 30.00, 30.35, 29.70, 30.00, 10759800
08/25/20, 30.60, 30.60, 30.20, 30.40, 9526100
08/24/20, 31.30, 31.30, 30.50, 30.60, 13466000
08/20/20, 31.85, 31.90, 31.15, 31.35, 5512600
08/19/20, 32.95, 32.95, 31.85, 31.85, 6485700
08/18/20, 33.10, 33.15, 32.70, 32.85, 8279900
08/17/20, 33.40, 33.40, 33.00, 33.10, 2393500
08/14/20, 33.20, 33.80, 32.95, 33.30, 32351801
08/13/20, 33.00, 33.40, 32.75, 33.20, 11863300
08/12/20, 32.80, 33.00, 32.70, 32.80, 3353100
08/11/20, 32.95, 33.30, 32.60, 32.60, 12988900
08/10/20, 32.20, 33.20, 32.00, 33.20, 2919000
08/07/20, 32.50, 32.70, 31.90, 32.20, 11937600
08/06/20, 32.80, 32.80, 32.10, 32.80, 8045800
08/05/20, 32.00, 33.20, 32.00, 32.50, 13408100
08/04/20, 31.00, 32.20, 31.00, 32.20, 8605500
08/03/20, 31.85, 32.20, 31.30, 31.30, 10630900
07/30/20, 33.10, 33.30, 32.65, 33.30, 5052400
07/29/20, 32.15, 33.25, 31.50, 33.25, 5891300
07/28/20, 31.90, 33.15, 31.75, 32.10, 5205200
07/27/20, 32.35, 32.40, 31.75, 31.90, 3982200
07/24/20, 33.60, 33.60, 32.10, 32.50, 5226300
07/23/20, 33.05, 33.80, 31.80, 33.80, 6315000
07/22/20, 33.20, 33.90, 33.00, 33.00, 9084700
07/21/20, 32.80, 33.20, 32.30, 33.20, 4617200
07/20/20, 31.80, 33.40, 31.70, 32.95, 7251300
07/17/20, 32.35, 32.60, 31.60, 31.70, 14126100
07/16/20, 32.15, 32.95, 32.15, 32.90, 5277000
07/15/20, 33.75, 33.85, 32.00, 32.00, 11730000
07/14/20, 32.80, 33.50, 32.55, 33.50, 5547100
07/13/20, 32.25, 32.80, 32.00, 32.40, 7315500
07/10/20, 32.00, 32.85, 31.25, 32.00, 13986900
07/09/20, 34.00, 34.00, 32.70, 32.95, 9778500
07/08/20, 34.70, 34.70, 33.30, 33.90, 8438400
07/07/20, 34.85, 35.40, 34.60, 34.70, 3931100
07/06/20, 35.20, 35.70, 34.00, 35.10, 12948800
07/03/20, 35.40, 35.70, 34.90, 35.20, 4664800
07/02/20, 33.95, 35.00, 33.75, 35.00, 8882200
07/01/20, 34.00, 34.20, 33.75, 33.90, 5877400
06/30/20, 34.50, 34.75, 33.80, 33.80, 7816500
06/29/20, 33.40, 34.05, 33.20, 33.95, 7346200
06/26/20, 34.20, 34.65, 34.00, 34.00, 4830200
06/25/20, 34.10, 34.75, 34.10, 34.10, 7155500
06/24/20, 36.10, 36.45, 34.05, 34.05, 17104500
06/23/20, 36.50, 36.70, 36.05, 36.30, 4588400
06/22/20, 36.30, 36.90, 35.80, 36.90, 7277000
06/19/20, 36.40, 36.75, 35.75, 36.30, 20401801
06/18/20, 35.75, 36.45, 35.05, 36.45, 5948900
06/17/20, 36.00, 36.20, 35.80, 35.80, 5795700
06/16/20, 36.35, 37.00, 35.20, 35.90, 10427100
06/15/20, 35.85, 36.45, 35.10, 35.80, 13292300
06/11/20, 36.30, 37.40, 35.20, 37.40, 8390900
06/10/20, 37.85, 37.90, 35.60, 36.40, 9987800
06/09/20, 37.75, 38.00, 36.65, 38.00, 12179000
06/08/20, 38.00, 38.30, 37.10, 38.00, 8368800
06/05/20, 36.70, 38.00, 35.70, 38.00, 12686100
06/04/20, 36.00, 37.50, 35.10, 37.50, 18397500
06/03/20, 33.50, 36.00, 33.45, 36.00, 17161801
06/02/20, 32.60, 33.30, 32.60, 33.30, 9197400
06/01/20, 32.40, 32.55, 31.60, 32.55, 10321300
05/29/20, 32.00, 32.10, 31.35, 32.00, 60551301
05/28/20, 29.50, 30.85, 29.50, 30.75, 10867600
05/27/20, 30.00, 30.25, 29.05, 29.25, 17920699
05/26/20, 31.00, 31.45, 29.65, 29.90, 18646400
05/22/20, 32.25, 32.25, 30.90, 30.90, 7955700
05/21/20, 32.40, 32.50, 31.85, 32.05, 7250200
05/20/20, 31.90, 32.25, 31.50, 32.00, 6807800
05/19/20, 32.25, 32.50, 31.85, 31.90, 10646700
05/18/20, 31.65, 32.45, 31.35, 31.35, 7581600
05/15/20, 32.70, 33.10, 32.00, 32.00, 8639300
05/14/20, 32.00, 32.50, 31.50, 32.50, 6773800
05/13/20, 32.20, 32.90, 32.15, 32.50, 20788500
05/12/20, 32.85, 33.15, 31.65, 31.80, 32212100
05/11/20, 32.50, 33.50, 31.90, 33.30, 7716100
05/08/20, 33.60, 33.65, 32.65, 32.65, 11277100
05/07/20, 33.50, 33.75, 32.95, 33.75, 7477800
05/06/20, 33.30, 33.70, 32.55, 33.50, 21794900
05/05/20, 32.00, 33.35, 31.80, 33.20, 14117000
05/04/20, 31.70, 31.80, 30.75, 31.80, 13078500
04/30/20, 31.80, 32.20, 31.30, 31.95, 18012900
04/29/20, 30.45, 31.70, 30.30, 31.00, 12591200
04/28/20, 29.45, 30.30, 29.40, 30.25, 8868000
04/27/20, 29.30, 29.45, 28.20, 29.20, 6908300
04/24/20, 30.25, 30.50, 28.90, 28.90, 17380699
04/23/20, 30.60, 31.15, 30.20, 30.20, 5184700
04/22/20, 30.50, 30.50, 30.00, 30.20, 8860200
04/21/20, 31.00, 31.20, 30.70, 30.95, 7213200
04/20/20, 31.75, 32.05, 30.50, 31.10, 11689400
04/17/20, 31.45, 31.85, 31.00, 31.55, 22989199
04/16/20, 32.30, 32.30, 30.20, 30.20, 26302600
04/15/20, 34.00, 34.15, 33.20, 34.00, 11691800
04/14/20, 33.55, 33.75, 32.70, 33.75, 12660700
04/13/20, 32.30, 33.45, 31.95, 33.45, 7580800
04/08/20, 32.40, 32.65, 31.80, 32.00, 11319200
04/07/20, 33.50, 34.00, 32.70, 33.50, 8308100
04/06/20, 32.00, 32.75, 31.80, 32.50, 8315000
04/03/20, 31.90, 32.10, 31.20, 32.00, 8311000
04/02/20, 30.50, 32.30, 30.10, 32.30, 10361500
04/01/20, 30.80, 31.60, 30.30, 31.15, 17857100
03/31/20, 31.60, 32.80, 30.20, 30.20, 30775000
03/30/20, 30.95, 32.00, 28.55, 31.00, 13388400
03/27/20, 33.65, 34.35, 30.65, 31.00, 18120900
03/26/20, 31.25, 33.20, 30.80, 32.30, 17143400
03/25/20, 31.10, 31.90, 30.00, 30.70, 20502600
03/24/20, 27.60, 30.65, 27.60, 29.10, 22226100
03/23/20, 25.00, 28.20, 25.00, 27.50, 28629500
03/20/20, 23.60, 26.50, 23.60, 26.30, 27880600
03/19/20, 24.00, 25.20, 19.44, 22.95, 37897102
03/16/20, 31.50, 32.90, 28.80, 28.80, 23531699
03/13/20, 31.10, 33.80, 30.00, 33.00, 32470900
03/12/20, 37.30, 37.45, 32.25, 33.90, 22573500
03/11/20, 37.55, 38.40, 37.25, 38.20, 20960400
03/10/20, 36.80, 38.20, 36.40, 37.10, 18829600
03/09/20, 38.00, 38.85, 37.30, 37.75, 13538400
03/06/20, 40.00, 40.75, 39.25, 39.60, 12334700
03/05/20, 40.75, 40.85, 40.25, 40.40, 5641200
03/04/20, 39.40, 40.75, 39.25, 40.75, 10981200
03/03/20, 40.20, 40.40, 39.55, 39.60, 11519700
03/02/20, 38.90, 40.10, 38.50, 39.80, 10917800
02/28/20, 39.30, 39.50, 38.65, 39.00, 34020602
02/27/20, 38.50, 40.40, 38.50, 40.40, 48181500
02/26/20, 40.00, 40.10, 38.15, 38.65, 34613602
02/24/20, 41.40, 41.55, 40.70, 41.40, 10745500
02/21/20, 42.60, 42.75, 42.15, 42.25, 14983200
02/20/20, 42.25, 42.60, 42.25, 42.45, 15182800
02/19/20, 41.45, 43.50, 41.30, 42.20, 18788000
02/18/20, 41.00, 41.30, 40.55, 41.10, 13736400
02/17/20, 41.65, 41.90, 41.00, 41.00, 10334900
02/14/20, 42.95, 43.05, 41.10, 41.10, 8647600
02/13/20, 43.60, 44.00, 42.30, 42.90, 4686700
02/12/20, 44.00, 44.15, 43.60, 43.60, 11904800
02/11/20, 44.00, 44.00, 43.50, 43.65, 11287900
02/10/20, 43.35, 44.05, 43.15, 43.70, 29150000
02/07/20, 43.45, 43.45, 42.60, 43.35, 7912200
02/06/20, 42.00, 43.35, 42.00, 43.35, 9796400
02/05/20, 41.40, 41.95, 41.25, 41.95, 7781500
02/04/20, 41.00, 41.10, 40.60, 40.95, 11871400
02/03/20, 41.45, 41.45, 40.00, 40.95, 9543500
01/31/20, 42.00, 42.00, 41.30, 41.60, 16971600
01/30/20, 41.75, 42.05, 41.60, 41.90, 9373300
01/29/20, 41.60, 42.00, 41.20, 42.00, 6643300
01/28/20, 41.10, 41.75, 40.75, 41.50, 14436200
01/27/20, 41.40, 42.00, 41.35, 41.60, 28759100
01/24/20, 41.35, 41.70, 41.00, 41.40, 30293000
01/23/20, 39.40, 41.25, 39.40, 40.80, 23247699
01/22/20, 38.70, 40.15, 38.25, 39.40, 34273301
01/21/20, 41.00, 41.10, 38.50, 39.50, 44279699
01/20/20, 43.40, 43.40, 40.50, 40.50, 19904400
01/17/20, 43.45, 43.80, 42.75, 43.55, 12670000
01/16/20, 43.90, 43.90, 42.50, 42.90, 18848301
01/15/20, 43.85, 44.00, 43.20, 43.20, 6208500
01/14/20, 44.00, 44.00, 43.50, 43.90, 17446600
01/10/20, 45.00, 45.05, 44.10, 44.35, 8807500
01/09/20, 44.05, 45.05, 44.05, 45.00, 20253301
01/08/20, 43.20, 44.35, 42.60, 44.05, 8829300
01/07/20, 44.15, 44.55, 44.15, 44.20, 12564400
01/06/20, 44.50, 44.50, 43.65, 44.15, 13041800
01/03/20, 44.05, 45.20, 44.05, 44.75, 9280200
01/02/20, 45.20, 45.30, 43.50, 44.90, 8624300
12/27/19, 46.30, 46.55, 45.50, 45.50, 10432800
12/26/19, 46.50, 47.00, 46.20, 46.40, 3843700
12/23/19, 45.10, 47.25, 45.10, 47.25, 9842900
12/20/19, 45.40, 46.00, 43.70, 46.00, 17863301
12/19/19, 46.60, 46.60, 45.00, 45.40, 8737300
12/18/19, 46.50, 46.50, 45.60, 45.75, 10987000
12/17/19, 46.40, 47.00, 45.25, 45.75, 17599500
12/16/19, 47.00, 47.90, 45.75, 45.75, 11468500
12/13/19, 45.80, 47.00, 45.00, 46.90, 8712500
12/12/19, 45.00, 45.50, 44.55, 45.00, 5887500
12/11/19, 44.80, 45.90, 44.65, 45.45, 5165800
12/10/19, 44.80, 45.40, 44.30, 45.25, 6292400
12/09/19, 45.50, 45.70, 44.70, 44.70, 11827800
12/06/19, 45.40, 45.70, 45.00, 45.50, 5186200
12/05/19, 45.45, 45.75, 45.45, 45.50, 19353699
12/04/19, 46.30, 46.45, 45.95, 46.00, 13214100
12/03/19, 46.75, 47.25, 46.00, 47.25, 11096000
12/02/19, 45.45, 47.00, 45.10, 47.00, 5839400
11/29/19, 44.70, 45.50, 44.70, 45.50, 7226900
11/28/19, 44.05, 44.70, 44.05, 44.70, 9193300
11/27/19, 43.40, 44.65, 43.10, 44.50, 15035300
11/26/19, 43.95, 44.20, 42.55, 42.55, 37427398
11/25/19, 44.50, 44.90, 43.75, 43.90, 14704200
11/22/19, 44.65, 44.80, 43.85, 44.50, 13217800
11/21/19, 45.70, 45.70, 44.15, 45.20, 13189200
11/20/19, 45.00, 45.70, 44.65, 45.70, 11103300
11/19/19, 44.90, 45.50, 44.80, 45.00, 10232500
11/18/19, 45.95, 46.00, 44.80, 44.90, 9939500
11/15/19, 46.80, 46.80, 45.95, 45.95, 6893400
11/14/19, 46.20, 47.00, 45.90, 47.00, 5224700
11/13/19, 46.50, 46.95, 46.00, 46.95, 6290200
11/12/19, 46.80, 46.85, 46.25, 46.50, 4686800
11/11/19, 47.50, 47.50, 46.50, 46.80, 7175500
11/08/19, 47.05, 47.10, 46.35, 47.00, 7780900
11/07/19, 47.55, 47.55, 46.90, 47.00, 8608800
11/06/19, 49.00, 49.00, 46.75, 47.00, 13879600
11/05/19, 48.90, 49.65, 48.70, 49.00, 10078500
11/04/19, 49.40, 49.90, 48.90, 49.00, 8138000
10/31/19, 49.50, 49.50, 48.55, 48.55, 5560800
10/30/19, 49.00, 49.55, 48.80, 49.55, 5324000
10/29/19, 48.80, 49.00, 48.50, 49.00, 5701900
10/28/19, 48.50, 48.80, 48.10, 48.80, 5076900
10/25/19, 49.20, 49.20, 48.50, 48.50, 2815900
10/24/19, 48.65, 49.05, 48.65, 48.95, 6667200
10/23/19, 48.65, 49.00, 48.65, 49.00, 4139400
10/22/19, 48.80, 49.00, 48.65, 48.80, 8801700
10/21/19, 48.65, 49.05, 48.60, 48.85, 4310600
10/18/19, 49.20, 49.20, 48.90, 49.00, 4277500
10/17/19, 49.10, 49.20, 48.50, 49.20, 4017900
10/16/19, 48.05, 49.20, 48.00, 49.10, 6759600
10/15/19, 48.05, 48.15, 47.90, 48.00, 5128100
10/14/19, 47.90, 48.20, 47.75, 48.00, 3923000
10/11/19, 46.90, 47.95, 46.70, 47.95, 2754900
10/10/19, 46.95, 47.20, 46.55, 46.80, 3506700
10/09/19, 46.35, 46.60, 46.00, 46.50, 2011000
10/08/19, 46.50, 46.90, 46.20, 46.50, 7806600
10/07/19, 46.25, 46.55, 46.00, 46.50, 5971300
10/04/19, 45.65, 46.35, 45.30, 46.20, 4536400
10/03/19, 46.55, 46.55, 45.00, 45.00, 15387000
10/02/19, 48.15, 48.15, 47.00, 47.00, 9208500
10/01/19, 49.70, 49.70, 48.15, 48.15, 6863500
09/30/19, 49.65, 49.70, 49.10, 49.45, 12910500
09/27/19, 49.60, 49.65, 49.20, 49.30, 12529100
09/26/19, 49.20, 49.65, 49.05, 49.35, 10941400
09/25/19, 48.70, 49.20, 48.00, 49.20, 7921900
09/24/19, 48.40, 48.95, 47.25, 48.95, 3952600
09/23/19, 47.95, 48.65, 47.80, 48.65, 2947500
09/20/19, 48.60, 48.80, 47.90, 47.90, 16266000
09/19/19, 48.10, 49.00, 48.10, 49.00, 8494900
09/18/19, 48.80, 49.10, 48.05, 48.05, 8554600
09/17/19, 49.30, 49.40, 48.80, 48.80, 14082600
09/16/19, 49.90, 49.90, 48.85, 49.90, 7923900
09/13/19, 49.40, 49.90, 48.85, 49.90, 4671900
09/12/19, 49.50, 49.50, 49.05, 49.30, 6708360
09/11/19, 49.00, 50.00, 48.70, 50.00, 7999700
09/10/19, 49.10, 49.20, 48.40, 49.00, 7122300
09/09/19, 49.50, 49.70, 49.00, 49.60, 8360200
09/06/19, 48.80, 49.60, 48.70, 49.50, 12984700
09/05/19, 47.95, 48.50, 47.30, 48.50, 5748900
09/04/19, 47.70, 47.80, 47.05, 47.40, 9375400
09/03/19, 47.50, 47.80, 47.10, 47.30, 10370000
09/02/19, 47.35, 47.80, 47.35, 47.40, 6942800
08/30/19, 48.05, 48.20, 47.30, 47.30, 25166000
08/29/19, 48.00, 48.00, 47.40, 47.70, 12162700
08/28/19, 47.75, 48.00, 47.25, 47.75, 11207300
08/27/19, 48.05, 48.30, 47.25, 47.25, 30254801
08/23/19, 48.45, 49.00, 47.75, 48.90, 12861400
08/22/19, 49.00, 49.15, 48.35, 49.15, 15526900
08/20/19, 48.60, 49.50, 48.50, 49.50, 7877600
08/19/19, 48.50, 49.40, 48.20, 49.40, 12304900
08/16/19, 48.50, 49.25, 48.45, 49.25, 17231900
08/15/19, 47.40, 49.00, 47.00, 48.85, 17971500
08/14/19, 47.40, 49.20, 47.40, 48.90, 18209600
08/13/19, 48.40, 48.40, 46.30, 47.25, 25680900
08/09/19, 48.55, 49.05, 48.55, 48.65, 9555100
08/08/19, 49.00, 49.40, 48.70, 48.90, 8562600
08/07/19, 48.15, 48.85, 48.15, 48.50, 14069000
08/06/19, 48.40, 48.40, 47.55, 48.05, 22532500
08/05/19, 50.05, 50.70, 49.15, 49.15, 6635510
08/02/19, 50.00, 51.00, 49.45, 51.00, 5717040
08/01/19, 49.75, 50.05, 49.40, 50.05, 8275400
07/31/19, 50.80, 51.00, 49.75, 49.80, 11400370
07/30/19, 51.55, 51.55, 50.95, 51.10, 3898780
07/29/19, 51.40, 51.65, 50.95, 51.30, 2742030
07/26/19, 51.65, 51.95, 51.35, 51.35, 4935900
07/25/19, 51.55, 52.55, 51.50, 52.55, 3269150
07/24/19, 52.10, 52.15, 51.40, 52.00, 9303770
07/23/19, 52.00, 52.45, 51.90, 52.10, 5278510
07/22/19, 51.40, 52.20, 51.40, 51.95, 4289060
07/19/19, 52.50, 52.85, 52.00, 52.00, 8880370
07/18/19, 52.20, 52.50, 52.10, 52.35, 10337980
07/17/19, 52.00, 52.75, 52.00, 52.20, 10579870
07/16/19, 53.50, 53.85, 51.80, 51.80, 15736830
07/15/19, 53.00, 53.60, 52.80, 53.50, 9744540
07/12/19, 52.60, 53.00, 52.30, 53.00, 11368580
07/11/19, 51.80, 53.00, 51.55, 53.00, 10327970
07/10/19, 51.55, 51.60, 51.00, 51.25, 6420600
07/09/19, 52.05, 52.40, 51.25, 51.45, 8054490
07/08/19, 51.85, 52.65, 51.80, 52.10, 18957551
07/05/19, 51.50, 52.45, 51.50, 52.20, 12579070
07/04/19, 51.55, 51.95, 51.40, 51.40, 6029720
07/03/19, 51.75, 52.35, 51.55, 51.75, 8364750
07/02/19, 51.55, 51.70, 51.05, 51.45, 9924340
07/01/19, 50.95, 51.70, 50.70, 51.70, 5484330
06/28/19, 50.70, 50.80, 50.40, 50.80, 10811670
06/27/19, 50.65, 50.90, 50.45, 50.60, 10739880
06/26/19, 50.60, 51.00, 50.40, 51.00, 10266840
06/25/19, 51.80, 51.90, 50.50, 50.55, 9625940
06/24/19, 50.50, 52.00, 50.50, 51.80, 11312640
06/21/19, 50.70, 51.20, 50.55, 50.75, 15389290
06/20/19, 50.40, 50.80, 50.35, 50.55, 9349280
06/19/19, 50.50, 51.00, 50.40, 51.00, 6188500
06/18/19, 50.05, 50.85, 49.90, 49.90, 9667740
06/17/19, 50.55, 50.95, 50.00, 50.50, 6289810
06/14/19, 51.15, 51.15, 50.05, 50.50, 14160300
06/13/19, 51.15, 51.50, 49.75, 51.50, 15622940
06/11/19, 50.65, 51.35, 50.45, 51.00, 9236680
06/10/19, 49.85, 50.70, 49.70, 50.65, 13988300
06/07/19, 50.10, 50.75, 49.70, 49.80, 8418480
06/06/19, 51.00, 51.25, 50.00, 50.00, 22628230
06/04/19, 51.70, 51.95, 50.20, 50.50, 13833060
06/03/19, 49.75, 52.50, 49.65, 52.45, 26167400
05/31/19, 48.60, 49.60, 48.50, 49.50, 27118400
05/30/19, 48.50, 49.45, 48.20, 48.20, 11443900
05/29/19, 48.60, 48.70, 48.40, 48.50, 8398400
05/28/19, 48.10, 48.65, 47.40, 48.65, 27116699
05/27/19, 47.15, 48.30, 47.15, 48.10, 13000200
05/24/19, 48.45, 48.45, 47.40, 47.70, 8521800
05/23/19, 48.00, 48.50, 48.00, 48.50, 10520300
05/22/19, 47.75, 48.30, 47.60, 48.00, 9664900
05/21/19, 47.50, 48.00, 46.80, 47.90, 9615700
05/20/19, 46.75, 47.60, 46.75, 47.50, 4448100
05/17/19, 46.30, 47.80, 46.30, 46.75, 10989800
05/16/19, 47.00, 47.85, 46.40, 46.60, 12575700
05/15/19, 47.95, 47.95, 47.00, 47.00, 10143000
05/14/19, 47.20, 48.30, 47.00, 47.95, 20830600
05/10/19, 47.00, 47.50, 46.10, 47.00, 11832700
05/09/19, 46.00, 46.95, 46.00, 46.80, 12875700
05/08/19, 46.90, 47.00, 45.95, 47.00, 21210699
05/07/19, 46.30, 47.50, 46.30, 46.95, 9516200
05/06/19, 47.40, 47.40, 46.30, 46.80, 21637100
05/03/19, 48.00, 48.05, 47.40, 47.40, 12052600
05/02/19, 49.10, 49.40, 48.00, 48.00, 16279800
04/30/19, 48.50, 48.95, 48.40, 48.95, 10638500
04/29/19, 48.15, 48.80, 48.00, 48.50, 23440400
04/26/19, 49.50, 49.60, 48.00, 48.50, 20647000
04/25/19, 48.00, 49.50, 47.95, 49.50, 18473500
04/24/19, 47.40, 48.10, 47.10, 48.00, 19145699
04/23/19, 46.95, 47.00, 46.35, 47.00, 13110000
04/22/19, 46.60, 47.10, 46.60, 47.00, 14978400
04/17/19, 46.95, 47.20, 46.80, 47.00, 19386600
04/16/19, 46.70, 47.45, 46.70, 47.30, 24760301
04/15/19, 46.40, 46.90, 46.40, 46.80, 25336301
04/12/19, 46.70, 46.75, 46.40, 46.60, 14220900
04/11/19, 45.50, 46.95, 45.50, 46.70, 22570301
04/10/19, 45.10, 45.50, 44.95, 45.35, 41430398
04/08/19, 45.00, 45.00, 44.85, 45.00, 9190300
04/05/19, 44.50, 45.10, 44.50, 45.00, 7025000
04/04/19, 44.60, 44.75, 44.40, 44.50, 11193000
04/03/19, 44.60, 44.85, 44.50, 44.60, 4761300
04/02/19, 45.00, 45.00, 44.80, 44.95, 11397100
04/01/19, 44.85, 45.15, 44.70, 45.00, 17106900
03/29/19, 44.40, 44.90, 44.00, 44.90, 14318300
03/28/19, 44.55, 44.60, 43.70, 44.00, 15297400
03/27/19, 44.80, 44.90, 43.55, 43.55, 11748200
03/26/19, 44.40, 44.95, 44.00, 44.50, 12287800
03/25/19, 44.85, 44.85, 43.60, 43.85, 6083600
03/22/19, 44.70, 45.75, 44.70, 45.00, 18796301
03/21/19, 44.00, 44.70, 43.85, 44.70, 13282700
03/20/19, 43.25, 43.70, 43.25, 43.70, 12432300
03/19/19, 43.10, 43.45, 43.00, 43.25, 12974100
03/18/19, 43.10, 43.45, 43.10, 43.45, 8801200
03/15/19, 42.80, 43.15, 42.60, 43.10, 13077100
03/14/19, 42.85, 43.45, 42.65, 42.80, 9923800
03/13/19, 42.80, 43.00, 42.60, 42.85, 8636800
03/12/19, 43.15, 43.55, 42.80, 42.90, 6182100
03/11/19, 43.60, 43.80, 42.90, 43.15, 5778100
03/08/19, 43.10, 43.85, 43.00, 43.00, 7222600
03/07/19, 43.65, 43.85, 43.30, 43.40, 8307500
03/06/19, 43.30, 44.40, 43.25, 44.25, 8415100
03/05/19, 43.00, 43.55, 43.00, 43.25, 19086400
03/04/19, 43.20, 43.65, 42.80, 42.90, 7216400
03/01/19, 43.80, 44.10, 43.00, 43.20, 9124800
02/28/19, 44.65, 44.90, 44.00, 44.00, 14014800
02/27/19, 44.65, 44.90, 44.15, 44.65, 8828100
02/26/19, 44.00, 45.00, 44.00, 44.95, 17597900
02/22/19, 44.00, 44.50, 43.90, 44.50, 7967400
02/21/19, 43.90, 44.05, 43.60, 44.00, 17149000
02/20/19, 43.10, 43.90, 43.10, 43.90, 12209300
02/19/19, 44.65, 44.90, 42.50, 43.00, 17025600
02/18/19, 44.60, 44.95, 44.40, 44.65, 8435200
02/15/19, 44.95, 44.95, 44.20, 44.50, 6612900
02/14/19, 44.50, 45.00, 44.45, 45.00, 6798400
02/13/19, 44.85, 44.90, 43.90, 44.40, 13515400
02/12/19, 44.90, 45.00, 44.45, 44.80, 6118700
02/11/19, 45.00, 45.20, 44.80, 44.90, 5238400
02/08/19, 45.20, 45.25, 44.85, 45.00, 10289800
02/07/19, 45.00, 45.25, 44.85, 45.25, 12189700
02/06/19, 44.90, 45.15, 44.75, 45.00, 10605900
02/04/19, 44.55, 44.95, 44.55, 44.85, 2473700
02/01/19, 44.70, 45.25, 44.50, 44.95, 22515801
01/31/19, 43.75, 44.75, 43.75, 44.40, 20312100
01/30/19, 43.10, 44.20, 43.10, 43.75, 17467400
01/29/19, 44.20, 44.45, 42.85, 43.10, 25127000
01/28/19, 44.60, 44.80, 43.85, 44.20, 15793200
01/25/19, 44.35, 44.90, 44.20, 44.60, 8118100
01/24/19, 44.10, 44.95, 44.10, 44.35, 7146700
01/23/19, 44.05, 44.50, 43.85, 44.10, 11115000
01/22/19, 45.25, 45.25, 44.40, 44.70, 10702600
01/21/19, 44.60, 45.75, 44.15, 45.30, 7445000
01/18/19, 44.65, 45.15, 44.20, 45.00, 11539200
01/17/19, 43.30, 45.00, 43.25, 45.00, 25486100
01/16/19, 44.75, 44.75, 43.10, 43.10, 11804800
01/15/19, 44.00, 45.10, 43.95, 45.00, 14994800
01/14/19, 44.00, 44.55, 42.70, 44.55, 12455600
01/11/19, 45.00, 45.05, 44.20, 44.35, 16485000
01/10/19, 44.80, 45.25, 43.70, 45.00, 22832199
01/09/19, 43.90, 45.00, 43.90, 45.00, 20331600
01/08/19, 44.80, 44.80, 43.50, 43.90, 11078100
01/07/19, 43.80, 45.00, 43.80, 44.80, 16911801
01/04/19, 42.35, 44.35, 42.35, 43.70, 27004801
01/03/19, 41.25, 42.50, 40.75, 42.45, 14316500
01/02/19, 40.60, 41.95, 40.60, 41.30, 4850600
12/28/18, 41.10, 42.00, 40.60, 40.60, 11717100
12/27/18, 41.20, 42.10, 40.60, 40.60, 8096700
12/26/18, 40.90, 41.25, 40.70, 41.25, 4393400
12/21/18, 42.05, 42.70, 41.10, 41.30, 14895700
12/20/18, 42.50, 42.90, 41.75, 42.05, 9558300
12/19/18, 42.45, 43.20, 42.15, 43.20, 8144400
12/18/18, 41.90, 42.50, 41.55, 42.50, 4487500
12/17/18, 42.00, 42.60, 41.80, 42.50, 7611500
12/14/18, 42.30, 42.50, 41.60, 42.30, 7179500
12/13/18, 42.00, 42.35, 41.90, 42.35, 11485100
12/12/18, 41.90, 42.20, 41.35, 41.80, 14689900
12/11/18, 40.55, 42.00, 40.55, 42.00, 6822000
12/10/18, 40.75, 41.20, 40.10, 40.30, 7844400
12/07/18, 41.55, 41.95, 40.15, 40.75, 10825500
12/06/18, 42.45, 42.45, 41.55, 41.90, 8969300
12/05/18, 42.10, 42.50, 41.00, 42.50, 11548500
12/04/18, 41.80, 42.65, 41.15, 42.65, 21121301
12/03/18, 42.20, 42.85, 41.30, 41.90, 15998700
11/29/18, 41.00, 41.75, 40.70, 41.65, 27201699
11/28/18, 40.90, 40.90, 40.25, 40.25, 5826700
11/27/18, 41.45, 41.50, 40.50, 40.90, 10360500
11/26/18, 41.50, 42.00, 41.20, 41.50, 10524300
11/23/18, 40.00, 41.50, 39.90, 41.50, 11888600
11/22/18, 39.90, 40.10, 39.65, 40.00, 3159400
11/21/18, 40.05, 40.05, 39.50, 40.00, 7884800
11/20/18, 39.80, 40.25, 38.65, 40.10, 11868800
11/19/18, 39.35, 39.90, 39.30, 39.90, 12157000
11/16/18, 39.00, 39.70, 39.00, 39.35, 16213200
11/15/18, 38.80, 39.25, 38.30, 38.50, 9783500
11/14/18, 38.55, 39.30, 38.55, 38.80, 6012600
11/13/18, 38.55, 38.95, 38.05, 38.50, 9065100
11/12/18, 38.00, 39.00, 38.00, 38.60, 28139199
11/09/18, 38.50, 38.60, 38.00, 38.00, 7158200
11/08/18, 38.10, 39.20, 38.05, 38.50, 15168200
11/07/18, 38.35, 38.85, 38.00, 38.00, 15290300
11/06/18, 40.00, 40.10, 38.00, 38.00, 14767300
11/05/18, 39.80, 40.00, 39.00, 40.00, 14154500
10/31/18, 38.25, 39.65, 38.25, 39.65, 14799300
10/30/18, 38.35, 39.00, 38.30, 38.30, 7908500
10/29/18, 38.75, 38.90, 38.20, 38.70, 5718300
10/26/18, 38.30, 38.85, 38.30, 38.75, 6384500
10/25/18, 39.00, 39.05, 38.00, 38.00, 17933500
10/24/18, 40.05, 40.20, 39.10, 39.10, 9440400
10/23/18, 41.15, 41.35, 40.00, 40.60, 6853900
10/22/18, 40.90, 41.40, 40.80, 41.15, 9223600
10/19/18, 40.10, 40.95, 39.80, 40.90, 4918700
10/18/18, 40.95, 40.95, 40.20, 40.60, 4918100
10/17/18, 40.40, 41.00, 40.40, 40.80, 5888500
10/16/18, 39.40, 40.20, 39.20, 40.20, 7399000
10/15/18, 40.00, 40.35, 39.20, 39.20, 10730800
10/12/18, 38.10, 39.50, 38.00, 39.30, 10216900
10/11/18, 38.80, 38.90, 38.10, 38.50, 10250600
10/10/18, 39.70, 39.70, 38.45, 39.50, 6192700
10/09/18, 39.45, 39.70, 39.00, 39.70, 3197800
10/08/18, 39.00, 39.50, 39.00, 39.00, 9817000
10/05/18, 38.90, 39.30, 38.75, 39.00, 8894300
10/04/18, 40.00, 40.10, 38.60, 38.60, 8641500
10/03/18, 39.15, 40.50, 39.00, 40.50, 4483800
10/02/18, 40.60, 40.60, 39.00, 39.30, 11436200
10/01/18, 39.95, 40.60, 39.40, 40.60, 3343900
09/28/18, 40.65, 41.25, 40.00, 40.05, 9919200
09/27/18, 40.05, 41.30, 39.95, 41.30, 3588400
09/26/18, 40.00, 40.45, 40.00, 40.45, 4521200
09/25/18, 41.00, 41.20, 39.85, 39.85, 8418600
09/24/18, 41.15, 41.85, 40.60, 40.90, 4448800
09/21/18, 39.90, 41.75, 39.90, 41.75, 11311800
09/20/18, 40.50, 40.65, 39.80, 39.80, 9641700
09/19/18, 40.50, 41.20, 39.90, 40.00, 7033900
09/18/18, 41.40, 41.55, 40.05, 40.50, 11743000
09/17/18, 41.00, 41.95, 41.00, 41.60, 3996500
09/14/18, 42.00, 42.00, 41.00, 41.00, 7868000
09/13/18, 41.65, 42.00, 41.00, 42.00, 5948200
09/12/18, 41.60, 42.00, 41.60, 41.75, 6741000
09/11/18, 41.90, 42.10, 41.70, 41.85, 7072700
09/10/18, 42.10, 42.80, 41.50, 42.00, 12866000
09/07/18, 42.40, 43.40, 41.00, 42.20, 12822100
09/06/18, 43.40, 43.40, 42.35, 43.10, 9504000
09/05/18, 44.20, 44.20, 43.15, 43.40, 11636800
09/04/18, 43.90, 44.40, 43.75, 44.20, 8746500
09/03/18, 44.50, 44.50, 43.45, 43.95, 2772800
08/31/18, 44.05, 44.50, 43.90, 44.50, 12338700
08/30/18, 44.10, 45.00, 44.10, 44.70, 10569700
08/29/18, 43.75, 44.80, 43.70, 44.80, 18582801
08/28/18, 43.90, 44.50, 43.55, 44.00, 16531900
08/24/18, 43.80, 44.05, 43.60, 43.90, 13727700
08/23/18, 43.20, 44.45, 43.10, 44.30, 23261801
08/22/18, 42.20, 43.15, 42.20, 43.10, 15136500
08/20/18, 42.50, 43.00, 42.00, 42.20, 5692700
08/17/18, 41.15, 42.50, 41.15, 42.50, 6720900
08/16/18, 41.10, 41.40, 40.60, 41.40, 2435700
08/15/18, 40.50, 41.35, 40.50, 41.10, 5649600
08/14/18, 41.00, 41.10, 40.35, 40.45, 9994300
08/13/18, 42.35, 42.35, 41.05, 41.25, 10319700
08/10/18, 42.20, 42.75, 42.20, 42.60, 7886200
08/09/18, 42.95, 43.20, 41.60, 42.90, 11417400
08/08/18, 42.20, 42.80, 42.00, 42.65, 17054199
08/07/18, 41.90, 42.00, 41.60, 42.00, 27877500
08/06/18, 40.65, 41.95, 40.60, 41.95, 9404400
08/03/18, 40.85, 41.25, 40.40, 40.50, 9024200
08/02/18, 41.80, 41.85, 41.00, 41.25, 7692000
08/01/18, 40.80, 41.95, 40.75, 41.95, 13680700
07/31/18, 41.75, 42.20, 40.55, 40.85, 21267400
07/30/18, 41.20, 42.20, 40.90, 42.20, 9884400
07/27/18, 40.90, 41.35, 40.55, 41.35, 10536100
07/26/18, 40.60, 41.20, 40.40, 40.85, 21502699
07/25/18, 39.10, 41.00, 39.10, 40.50, 21175500
07/24/18, 38.75, 39.10, 38.60, 39.10, 7716100
07/23/18, 38.80, 38.90, 38.30, 38.80, 8337000
07/20/18, 38.70, 38.90, 38.10, 38.90, 4324300
07/19/18, 38.50, 38.75, 38.20, 38.50, 4808300
07/18/18, 37.70, 38.50, 37.50, 38.50, 7790700
07/17/18, 37.25, 37.65, 37.10, 37.40, 7792500
07/16/18, 37.20, 37.50, 36.95, 37.10, 4100100
07/13/18, 38.00, 38.05, 37.45, 37.65, 7883100
07/12/18, 37.05, 38.25, 37.05, 37.50, 7831000
07/11/18, 36.75, 37.40, 36.75, 37.30, 11230800
07/10/18, 37.00, 37.15, 36.55, 36.55, 12823100
07/09/18, 37.00, 37.65, 36.80, 37.00, 5250500
07/06/18, 37.40, 37.40, 36.70, 36.70, 10950300
07/05/18, 38.20, 38.20, 37.50, 37.60, 15923200
07/04/18, 38.00, 38.40, 37.70, 38.20, 6245900
07/03/18, 38.40, 38.40, 37.65, 38.00, 7991300
07/02/18, 37.90, 38.75, 37.85, 38.00, 14869000
06/29/18, 37.00, 38.00, 37.00, 37.90, 16840400
06/28/18, 37.40, 37.45, 36.90, 37.00, 9486600
06/27/18, 36.70, 37.95, 36.70, 37.60, 20511900
06/26/18, 36.30, 36.85, 36.25, 36.60, 12469000
06/25/18, 38.00, 38.00, 36.30, 36.30, 19976400
06/22/18, 37.05, 38.00, 36.05, 37.55, 16253800
06/21/18, 38.25, 38.25, 37.00, 37.05, 20689301
06/20/18, 38.45, 38.75, 38.15, 38.25, 14257400
06/19/18, 38.40, 38.65, 38.00, 38.40, 10940300
06/18/18, 39.05, 39.10, 38.30, 38.60, 12295700
06/14/18, 40.20, 40.25, 39.15, 39.15, 28545301
06/13/18, 40.60, 40.80, 40.15, 40.15, 9966100
06/11/18, 41.00, 41.15, 40.55, 40.80, 4461800
06/08/18, 41.60, 41.65, 40.80, 40.80, 5100200
06/07/18, 41.10, 42.00, 41.05, 41.80, 7595700
06/06/18, 40.40, 41.40, 40.40, 40.90, 13565200
06/05/18, 41.00, 41.00, 40.00, 40.30, 9805100
06/04/18, 40.65, 41.15, 40.20, 41.00, 5681600
06/01/18, 40.00, 41.20, 40.00, 40.55, 6500000
05/31/18, 40.60, 41.00, 39.80, 39.80, 28431500
05/30/18, 40.80, 41.05, 40.15, 40.20, 10633900
05/29/18, 41.20, 41.50, 41.00, 41.00, 7711100
05/28/18, 41.25, 41.35, 41.00, 41.20, 7396900
05/25/18, 42.00, 42.00, 41.00, 41.30, 4470700
05/24/18, 41.50, 42.00, 41.45, 41.90, 3834500
05/23/18, 41.90, 42.00, 41.10, 41.50, 6213100
05/22/18, 42.00, 42.00, 41.10, 41.95, 4611200
05/21/18, 42.00, 42.35, 41.90, 41.90, 3199600
05/18/18, 41.70, 42.35, 41.20, 42.00, 3545100
05/17/18, 42.90, 43.10, 41.70, 41.70, 10874100
05/16/18, 42.30, 43.35, 41.75, 43.30, 12606900
05/15/18, 41.00, 42.30, 40.55, 42.25, 17944600