Date,Open,High,Low,Close,Adj Close,Volume
15/5/2018,63.197498,63.224998,60.375,61.389999,60.798046,96352800
16/5/2018,61,62.130001,60.627499,61.502499,60.909462,55382800
17/5/2018,61.52,62.875,61.357498,61.927502,61.330368,51978400
18/5/2018,62.452499,63.092499,61.435001,61.485001,60.892132,48371600
21/5/2018,62.470001,62.5075,60.122501,61.060001,60.471241,64062400
22/5/2018,61.195,61.450001,60.0625,60.674999,60.089939,51826400
23/5/2018,60.07,61.897499,60.0625,61.884998,61.326172,44295600
24/5/2018,61.8475,62.349998,61.310001,61.922501,61.36335,43737200
25/5/2018,62.049999,62.485001,61.689999,62.32,61.757252,29211200
29/5/2018,62.137501,62.834999,61.674999,62.147499,61.586311,35268400
30/5/2018,62.487499,63.334999,62.237499,63.247501,62.676376,39099600
31/5/2018,62.924999,63.799999,62.817501,63.047501,62.478191,49386800
1/6/2018,63.5,64.467499,63.412498,64.404999,63.823418,42196800
4/6/2018,64.75,66.434998,64.425003,66.212502,65.614601,64202400
5/6/2018,66.245003,66.647499,65.792503,66.267502,65.669113,39171200
6/6/2018,65.357498,66.32,65.192497,66.287498,65.688911,37135600
7/6/2018,66.25,66.370003,64.8125,65.724998,65.131508,36944800
8/6/2018,64.989998,66,64.800003,65.57,64.977913,36045600
11/6/2018,65.442497,65.862503,65.025002,65.154999,64.566681,26537200
12/6/2018,65.422501,65.767502,64.915001,65.644997,65.052254,31916000
13/6/2018,65.660004,66.417503,65.5075,65.599998,65.007629,33820800
14/6/2018,66.055,67.300003,65.904999,66.727501,66.124947,43001600
15/6/2018,66.150002,66.870003,65.837502,66.315002,65.716202,43226000
18/6/2018,65.870003,66.449997,65.595001,66.272499,65.674065,35626800
19/6/2018,65.230003,65.910004,63.755001,65.042503,64.455177,59493200
20/6/2018,65.457497,66.112503,65.07,65.577499,64.985352,36978000
21/6/2018,65.900002,66.084999,64.199997,64.277496,63.697067,35951600
22/6/2018,64.487503,64.622498,62.5825,62.737499,62.170982,43416000
25/6/2018,61.662498,61.700001,58.884998,59.779999,59.240185,66581600
26/6/2018,60.924999,61.412498,59.977501,60.497501,59.95121,47888400
27/6/2018,60.9375,61.607498,58.875,58.93,58.397869,45389200
28/6/2018,58.830002,60.334999,58.752499,60.215,59.671257,33801200
29/6/2018,60.872501,61,59.212502,59.224998,58.690205,39230000
2/7/2018,58.522499,60.5975,58.314999,60.560001,60.013145,35757200
3/7/2018,60.91,60.970001,59.125,59.209999,58.675343,22273200
5/7/2018,59.767502,60.732498,59.375,60.682499,60.134544,30621600
6/7/2018,60.435001,61.9175,60.220001,61.8325,61.274162,29635200
9/7/2018,62.5825,62.68,61.517502,62.3125,61.749817,30388000
10/7/2018,62.4375,63.535,62.029999,63.3125,62.740791,36001600
11/7/2018,62.375,62.724998,61.775002,61.8825,61.323708,36750800
12/7/2018,62.34,63.2925,62.240002,62.807499,62.240341,34550800
13/7/2018,62.994999,62.994999,61.904999,62.330002,61.76717,24698800
16/7/2018,62.049999,62.584999,61.924999,62.049999,61.489693,19703600
17/7/2018,61.552502,63.575001,61.294998,63.422501,62.849792,36213600
18/7/2018,63.3475,63.487499,62.41,62.924999,62.356785,27764000
19/7/2018,62.735001,63.3475,62.5825,63.0075,62.438549,23575200
20/7/2018,62.982498,63.375,62.612499,62.7225,62.156113,22235200
23/7/2018,62.455002,62.4725,60.82,62.352501,61.789463,30158400
24/7/2018,62.837502,63.712502,62,62.177502,61.616039,35462000
25/7/2018,62.272499,63.095001,61.6875,62.967499,62.398899,31911200
26/7/2018,62.764999,64.082497,62.595001,63.709999,63.134705,32512400
27/7/2018,64.080002,64.150002,62.459999,63.005001,62.436073,29542000
30/7/2018,63.147499,63.2075,60.68,61.032501,60.481377,34034000
31/7/2018,60.927502,61.970001,60.535,61.215,60.662228,28398800
1/8/2018,61.532501,62.09,60.9725,61.6175,61.061085,28355600
2/8/2018,60.897499,62.695,60.302502,62.654999,62.089222,26966800
3/8/2018,62.9025,63.264999,62.732498,63.025002,62.455891,21428800
6/8/2018,62.897499,63.5425,62.427502,63.5075,62.934025,20750800
7/8/2018,64,64.425003,63.73,64.237503,63.65744,25813200
8/8/2018,64.25,65.059998,63.897499,64.605003,64.021637,26210000
9/8/2018,64.785004,64.8125,64.037498,64.114998,63.536034,20428000
10/8/2018,63.287498,64.025002,63.174999,63.697498,63.122311,25639600
13/8/2018,63.785,65.25,63.767502,64.029999,63.451805,37520800
14/8/2018,65.095001,65.5,64.254997,65.357498,64.767326,46622000
15/8/2018,65.567497,65.910004,63.974998,64.769997,64.185127,59113600
16/8/2018,65.474998,65.5,63.752499,64.360001,63.778831,80126000
17/8/2018,63.235001,63.2425,60.932499,61.205002,60.652325,114318800
20/8/2018,60.794998,63.299999,59.68,61.959999,61.400497,85438800
21/8/2018,62.125,63.375,61.924999,63.330002,62.758129,67398800
22/8/2018,63,65.754997,62.965,65.705002,65.111671,74985600
23/8/2018,65.315002,67.370003,65.175003,66.709999,66.10762,72068400
24/8/2018,66.794998,68.202499,66.75,68.055,67.44046,53151200
27/8/2018,68.355003,69.724998,68.037498,68.974998,68.35215,50577600
28/8/2018,68.915001,69.144997,67.3825,68.595001,67.975578,47538400
29/8/2018,68.480003,69.875,68.269997,69.622498,69.03157,42010800
30/8/2018,69.307503,70.43,69.080002,69.452499,68.862991,34660800
31/8/2018,69.25,70.300003,69.150002,70.169998,69.574394,30659200
4/9/2018,70.037498,71.305,69.75,70.925003,70.323013,39172000
5/9/2018,70.747498,71.105003,68.787498,69.605003,69.014191,39315600
6/9/2018,69.440002,69.464996,67.847504,68.18,67.601303,32279600
7/9/2018,67.25,69.232498,66.797501,67.964996,67.388115,29542000
10/9/2018,68.192497,68.982498,67.75,68.682503,68.099525,22014000
11/9/2018,68.214996,69.099998,68.004997,68.199997,67.621117,24311200
12/9/2018,67.797501,67.995003,65.480003,67.050003,66.480881,41909200
13/9/2018,67.714996,68.75,67.540001,67.834999,67.259232,30553600
14/9/2018,68.747498,69.775002,68.375,69.107498,68.52092,38693600
17/9/2018,68.849998,69.345001,68.287498,68.482498,67.90123,20552800
18/9/2018,68.522499,69.559998,67.6875,67.754997,67.179932,29952000
19/9/2018,67.567497,68.175003,67.0625,67.995003,67.417862,22486000
20/9/2018,66.762497,67.190002,66.025002,66.57,66.004959,43058400
21/9/2018,66.690002,67.150002,65.527496,65.862503,65.303467,43512800
24/9/2018,65.550003,66.459999,64.669998,66.425003,65.861183,29391200
25/9/2018,67.092499,67.355003,66.227501,67.102501,66.532951,28038800
26/9/2018,67.152496,67.559998,66.57,66.730003,66.163612,26854800
27/9/2018,67.084999,67.300003,66.532501,66.849998,66.282578,21442800
28/9/2018,68.182503,70.480003,67.900002,70.254997,69.658661,70939600
1/10/2018,71.040001,73.014999,70.650002,72.339996,71.725983,62206000
2/10/2018,72.0625,73.190002,71.394997,71.620003,71.012093,38396400
3/10/2018,72.330002,72.404999,70.6325,71.682503,71.074066,32055200
4/10/2018,71.317497,71.5625,69.044998,69.822502,69.229858,39122000
5/10/2018,69.572502,70.199997,66.885002,67.464996,66.892357,42663600
8/10/2018,66.625,67.790001,65.019997,66.442497,65.87854,40861200
9/10/2018,66.235001,67.190002,65.699997,66.385002,65.821526,27350000
10/10/2018,65.315002,65.777496,61.400002,61.422501,60.90115,68494000
11/10/2018,60.5425,61.889999,58.564999,58.782501,58.283558,72543600
12/10/2018,61.377499,62.384998,59.912498,61.634998,61.111839,60823600
15/10/2018,61.5,61.5,58.834999,58.845001,58.345528,44976000
16/10/2018,59.982498,61.57,59.485001,61.4575,60.935852,40871200
17/10/2018,62.084999,62.470001,60.27,60.764999,60.249237,32966800
18/10/2018,61.465,61.852501,59.272499,59.8825,59.374222,52402000
19/10/2018,60.439999,60.637501,56.924999,57.2925,56.80621,61360800
22/10/2018,57.82,58.830002,56.767502,57.805,57.314362,36884400
23/10/2018,55.107498,56.047501,54.177502,55.264999,54.795921,62643600
24/10/2018,54.877499,55.3475,49.712502,49.852501,49.429352,88428800
25/10/2018,48.8675,52.4375,48.419998,51.959999,51.518967,95172000
26/10/2018,49.577499,51.209999,48.279999,49.572498,49.151737,66478400
29/10/2018,50.997501,51.032501,44.002499,46.404999,46.01112,75801600
30/10/2018,46.637501,50.849998,46.404999,50.75,50.319237,80719200
31/10/2018,52.412498,53.147499,51.002499,52.7075,52.260124,74577200
1/11/2018,53.075001,54.622501,51.797501,54.5275,54.064671,56652800
2/11/2018,54.432499,55.5,52.552502,53.73,53.273945,45296000
5/11/2018,53.5975,53.8325,51.32,52.942501,52.493134,37933200
6/11/2018,52.862499,53.712502,52.389999,52.764999,52.317135,29901200
7/11/2018,53.4375,54.352501,52.794998,53.447498,52.993843,48381200
8/11/2018,52.849998,52.857498,50.9575,51.497501,51.06039,51135200
9/11/2018,50.599998,52.330002,50.259998,51.4175,50.981079,41324000
12/11/2018,50.494999,50.717499,47.165001,47.384998,46.9828,61711600
13/11/2018,48.372501,51.052502,48.310001,49.827499,49.404568,64471200
14/11/2018,51.575001,51.720001,48.2075,49.297501,48.879066,52658000
15/11/2018,49.237499,51.325001,48.875,50.5975,50.168026,84070800
16/11/2018,40.830002,42.665001,40.4025,41.107498,40.758583,196352000
19/11/2018,40.447498,40.455002,36.157501,36.174999,35.86795,169782000
20/11/2018,33.514999,38.564999,33.327499,37.27,36.953655,169203200
21/11/2018,38.654999,38.825001,35.9025,36.177502,35.870426,102549600
23/11/2018,35.827499,37.397499,35.697498,36.25,35.942318,41196800
26/11/2018,37.4725,38.3675,36.639999,38.262501,37.937733,81483200
27/11/2018,38,39.252499,37.637501,38.432499,38.106281,73806000
28/11/2018,39.619999,40.07,38.282501,40.017502,39.677826,80452400
29/11/2018,40,40.375,39.035,39.34,39.045113,54917200
30/11/2018,39.4375,40.965,38.93,40.857498,40.551239,72956400
3/12/2018,43.150002,43.669998,41.834999,42.509998,42.191357,89080400
4/12/2018,42.060001,42.110001,39.125,39.2775,38.983082,81211200
6/12/2018,37.860001,39.622501,37.702499,39.572498,39.27586,69230800
7/12/2018,39.615002,39.717499,36.404999,36.9025,36.625885,68167600
10/12/2018,36.450001,38.215,36.412498,37.965,37.680416,62947200
11/12/2018,38.889999,38.9725,36.25,37.047501,36.769798,67191200
12/12/2018,37.105,38.195,36.205002,37.224998,36.945961,65413600
13/12/2018,37.697498,38.345001,36.860001,37.2225,36.943493,47138400
14/12/2018,36.802502,37.647499,36.375,36.612499,36.338058,47182000
17/12/2018,36.310001,37.037498,35.310001,35.895,35.625938,66286800
18/12/2018,36.337502,37.5825,36.0625,36.735001,36.459648,56437200
19/12/2018,36.395,36.935001,34.107498,34.627499,34.367939,74536400
20/12/2018,34.5425,35.450001,33.172501,33.775002,33.521832,74958800
21/12/2018,34.0425,34.375,32.115002,32.392502,32.149693,86374000
24/12/2018,31.622499,32.494999,31.125,31.77,31.531858,46384000
26/12/2018,32.235001,33.285,31.115,33.275002,33.025581,69510000
27/12/2018,32.747501,33.095001,31.295,32.7925,32.546688,63704400
28/12/2018,33,34.3475,32.577499,33.412498,33.162037,62872800
31/12/2018,33.849998,34.177502,33.064999,33.375,33.124825,46514000
2/1/2019,32.66,34.619999,32.512501,34.055,33.799736,50875200
3/1/2019,33.447498,33.790001,31.922501,31.997499,31.757648,70555200
4/1/2019,32.735001,34.432499,32.424999,34.047501,33.792278,58562000
7/1/2019,34.625,36.2225,34.107498,35.849998,35.581272,70916000
8/1/2019,36.672501,36.695,34.224998,34.9575,34.695457,78601600
9/1/2019,35.474998,36.122501,34.965,35.645,35.377815,61726000
10/1/2019,35.450001,36.395,34.84,36.307499,36.035339,52315600
11/1/2019,36.0825,37.4375,35.802502,37.2075,36.928596,87476400
14/1/2019,36.68,37.865002,36.442501,37.610001,37.328083,73016800
15/1/2019,37.939999,38.337502,37.282501,37.467499,37.186649,61701200
16/1/2019,37.7425,38.075001,37.154999,37.209999,36.931084,47010400
17/1/2019,36.877499,38.3325,36.602501,37.93,37.645687,49343600
18/1/2019,38.432499,39.494999,37.912498,39.232498,38.938423,65133600
22/1/2019,38.927502,39.044998,36.887501,37.192501,36.913708,66155200
23/1/2019,37.75,38.645,37.0075,37.322498,37.04274,59102000
24/1/2019,38.174999,39.637501,38.127499,39.459999,39.164215,70897200
25/1/2019,38.860001,40.220001,37.825001,40.037498,39.737389,115457200
28/1/2019,34.137501,35.41,32.75,34.502499,34.243874,251152800
29/1/2019,34.037498,34.525002,32.752499,32.900002,32.653393,115393200
30/1/2019,33.6675,34.4925,32.865002,34.3475,34.090038,97422800
31/1/2019,34.314999,36.297501,34.095001,35.9375,35.668118,84285200
1/2/2019,36.125,36.697498,35.645,36.182499,35.911282,62504800
4/2/2019,36.342499,37.669998,36.119999,37.294998,37.015442,52859200
5/2/2019,37.415001,37.857498,37.075001,37.487499,37.206505,54242400
6/2/2019,37.822498,38.900002,37.767502,38.25,37.963284,70246400
7/2/2019,37.782501,37.805,36.422501,36.855,36.578747,63712000
8/2/2019,36.177502,37.150002,36.032501,37.0425,36.764832,46160400
11/2/2019,36.5975,37.145,36.125,36.612499,36.338058,49518000
12/2/2019,37,37.950001,36.855,37.7925,37.509216,59106000
13/2/2019,38.09,38.9575,37.952499,38.220001,37.933506,60537200
14/2/2019,38.209999,38.9175,37.775002,38.6325,38.342915,82726400
15/2/2019,40.737499,40.967499,39.105,39.334999,39.040154,151674800
19/2/2019,39.227501,39.9725,39.035,39.16,38.866463,55189200
20/2/2019,39.455002,40.314999,39.342499,39.637501,39.340385,54098800
21/2/2019,39.764999,40.012501,38.794998,38.942501,38.650597,44854800
22/2/2019,39.465,39.987499,39.327499,39.797501,39.499187,40174000
25/2/2019,40.639999,41.32,39.584999,39.672501,39.375118,65602000
26/2/2019,39.625,40.189999,38.9375,39.275002,38.98061,48846400
27/2/2019,39.130001,39.397499,38.2775,38.852501,38.561264,50025600
28/2/2019,38.75,38.974998,38.34,38.564999,38.315372,32494400
1/3/2019,39.067501,39.537498,38.48,39.112499,38.859325,35718800
4/3/2019,39.5,39.73,38.625,39.195,38.941288,40999200
5/3/2019,39.037498,39.514999,38.490002,39.130001,38.876709,36292400
6/3/2019,39.040001,39.125,37.985001,38.012501,37.766445,40352400
7/3/2019,37.775002,37.872501,36.849998,37.314999,37.073463,45010400
8/3/2019,36.415001,37.767502,36.200001,37.66,37.416229,42241600
11/3/2019,37.897499,40.514999,37.422501,40.285,40.024239,85972800
12/3/2019,40.564999,41.0975,39.797501,40.630001,40.367004,57957600
13/3/2019,41.0075,42.450001,40.932499,42.154999,41.882133,76890000
14/3/2019,42.247501,42.3675,41.3125,41.389999,41.122074,51938400
15/3/2019,41.825001,42.8825,41.790001,42.452499,42.177704,66148400
18/3/2019,42.77,43.3125,41.965,42.237499,41.964096,48699200
19/3/2019,43.189999,44.375,43.02,43.927502,43.643166,85497200
20/3/2019,44.220001,44.7575,43.25,43.599998,43.317776,71914800
21/3/2019,43.8325,46.25,43.782501,45.985001,45.687336,82431200
22/3/2019,45.709999,46.200001,44.235001,44.375,44.087765,74764400
25/3/2019,43.965,44.612499,42.7775,43.445,43.16378,52521200
26/3/2019,44.872501,45.4375,43.650002,44.217499,43.931278,70350800
27/3/2019,44.474998,44.942501,43.424999,44.125,43.839378,47437200
28/3/2019,44.387501,44.974998,43.7775,44.3125,44.025673,48026400
29/3/2019,44.985001,45.134998,44.477501,44.889999,44.59943,45689600
1/4/2019,45.814999,45.875,45.092499,45.57,45.275032,48382400
2/4/2019,45.8125,46.197498,45.380001,45.75,45.453865,44092000
3/4/2019,46.25,47.75,46.200001,47.154999,46.84977,78350400
4/4/2019,47,47.4925,46.432499,47.064999,46.760349,45737600
5/4/2019,47.5,47.912498,47.1325,47.737499,47.428501,48174400
8/4/2019,47.43,48.200001,47.1875,47.947498,47.637138,42419200
9/4/2019,47.610001,47.7225,46.889999,47.314999,47.008732,43997200
10/4/2019,47.307499,48.285,47.262501,48.025002,47.714138,44477200
11/4/2019,48.049999,48.3675,47.387501,47.884998,47.575043,37460000
12/4/2019,48.275002,48.314999,47.415001,47.502499,47.195026,47170800
15/4/2019,47.424999,47.474998,45.775002,46.174999,45.876106,44009200
16/4/2019,46.57,47.2425,46.240002,47.052502,46.747944,39496400
17/4/2019,47.404999,47.615002,46.5975,46.822498,46.519421,35100400
18/4/2019,46.889999,47.232498,46.294998,46.575001,46.273521,38098800
22/4/2019,46.337502,47.275002,46.02,47.1175,46.812519,27993600
23/4/2019,47.25,47.982498,47.1525,47.6675,47.358955,34685600
24/4/2019,47.772499,48.202499,47.16,47.7925,47.483143,31820400
25/4/2019,47.387501,47.612499,45.924999,46.727501,46.425037,49929600
26/4/2019,45.177502,45.2225,43.325001,44.522499,44.23431,86898800
29/4/2019,44.602501,45.112499,43.875,44.8325,44.542305,39192000
30/4/2019,44.5075,45.5075,44.314999,45.25,44.957108,36292000
1/5/2019,45.7775,46.202499,45.115002,45.1175,44.825459,35428000
2/5/2019,45.215,46.217499,44.779999,45.797501,45.50106,39468400
3/5/2019,45.8825,45.982498,45.1325,45.752499,45.456341,33682400
6/5/2019,43.875,45.084999,43.5,44.962502,44.671467,42217600
7/5/2019,44.474998,44.474998,42.7925,43.2775,42.997372,55522000
8/5/2019,43,44.287498,42.880001,43.48,43.198559,41916800
9/5/2019,42.785,42.8825,41.349998,42.547501,42.272099,66024800
10/5/2019,42.237499,42.897499,41,42.205002,41.931816,56950000
13/5/2019,40.875,41.107498,39.452499,39.612499,39.356094,65691200
14/5/2019,40.012501,40.865002,39.622501,40.509998,40.24778,52488000
15/5/2019,39.950001,40.262501,39.352501,39.895,39.636761,50232000
16/5/2019,39.84,40.477501,39.412498,40.047501,39.78828,78108800
17/5/2019,39.625,40.927502,38.735001,39.1325,38.879192,102206800
20/5/2019,38.137501,38.692501,37.6875,37.9375,37.691929,57206400
21/5/2019,38.549999,38.924999,38.16,38.764999,38.514072,36184800
22/5/2019,38.375,38.637501,37.939999,38.049999,37.803703,32586800
23/5/2019,37.422501,37.422501,36.227501,36.830002,36.591599,59184400
24/5/2019,37.02,37.375,36.220001,36.287498,36.052608,35758400
28/5/2019,36.465,36.794998,35.8125,35.8325,35.600563,42835600
29/5/2019,35.352501,35.705002,34.735001,35.084999,34.857903,55980000
30/5/2019,35.077499,35.4375,34.392502,34.7775,34.591831,39430000
31/5/2019,34.285,34.962502,33.8475,33.865002,33.684196,38972000
3/6/2019,33.977501,34.3675,33.150002,33.445,33.266441,47864400
4/6/2019,34.09,35.802502,33.8675,35.75,35.559135,64183600
5/6/2019,36.4925,36.547501,34.955002,35.32,35.131439,51161600
6/6/2019,35.362499,36.192501,35.337502,35.945,35.753094,40814000
7/6/2019,36.005001,36.720001,35.8125,36.375,36.180801,34885600
10/6/2019,36.939999,37.797501,36.939999,37.107498,36.909386,40278000
11/6/2019,37.709999,38.09,37.290001,37.6875,37.486294,38387200
12/6/2019,37.25,37.3125,36.397499,36.549999,36.354858,35889200
13/6/2019,36.772499,37.25,36.595001,37.064999,36.867111,30808000
14/6/2019,36.127499,36.372501,35.709999,36.16,35.966946,39442800
17/6/2019,36.142502,36.630001,35.912498,36.2575,36.063931,27604000
18/6/2019,36.875,38.7775,36.764999,38.220001,38.015945,58192000
19/6/2019,38.575001,38.689999,38.017502,38.279999,38.075634,33164400
20/6/2019,39.192501,39.3325,38.380001,38.525002,38.319317,35016800
21/6/2019,38.375,38.869999,37.875,37.939999,37.737438,43442800
24/6/2019,38.154999,38.462502,37.68,38.165001,37.961243,28294800
25/6/2019,38.215,38.970001,37.842499,37.869999,37.667812,31186800
26/6/2019,39.1525,40.43,39.022499,39.814999,39.602432,58407200
27/6/2019,40.677502,41,40.314999,40.807499,40.58963,44544000
28/6/2019,41.25,41.342499,40.587502,41.057499,40.838299,39766800
1/7/2019,43.142502,43.487499,41.165001,41.5425,41.320709,70975600
2/7/2019,41.375,41.587502,40.424999,40.557499,40.340965,40022800
3/7/2019,40.7925,40.849998,40.084999,40.6875,40.470276,24663600
5/7/2019,40.099998,40.145,39.419998,40.057499,39.843636,39655200
8/7/2019,39.4575,39.647499,39,39.302502,39.092667,32978800
9/7/2019,38.877499,39.610001,38.75,39.327499,39.117538,34286000
10/7/2019,39.764999,40.592499,39.625,40.014999,39.801369,45207600
11/7/2019,40.75,41.98,40.375,41.57,41.348061,68256000
12/7/2019,41.849998,42.6175,41.849998,41.9025,41.678795,50639200
15/7/2019,42.115002,42.2775,41.532501,41.817501,41.594234,28984000
16/7/2019,41.6675,42.0425,41.209999,41.77,41.546993,34144400
17/7/2019,41.787498,42.497501,41.4925,42.427502,42.200977,34820400
18/7/2019,42.532501,43.177502,41.962502,42.544998,42.317856,44219200
19/7/2019,42.93,42.994999,42.049999,42.110001,41.885181,34489600
22/7/2019,42.325001,42.959999,42.25,42.830002,42.601334,31594000
23/7/2019,43.224998,43.935001,43.067501,43.915001,43.680546,42817600
24/7/2019,44.349998,44.7225,43.584999,44.665001,44.42654,36623600
25/7/2019,44.247501,44.375,43.110001,43.345001,43.113579,39270000
26/7/2019,43.6175,44.237499,43.6175,43.767502,43.533836,27416000
29/7/2019,43.695,43.8675,42.817501,43.705002,43.471661,24816000
30/7/2019,43.237499,43.985001,43.092499,43.862499,43.628319,19777200
31/7/2019,43.544998,43.555,41.755001,42.18,41.954807,35941600
1/8/2019,42.285,43.195,40.705002,41.23,41.009872,42121200
2/8/2019,40.297501,40.994999,39.82,40.297501,40.082355,42834800
5/8/2019,38.450001,38.462502,37.224998,37.697498,37.496239,58915600
6/8/2019,38.450001,38.907501,37.607498,38.087502,37.884155,36127200
7/8/2019,37.474998,38.592499,37.299999,38.4725,38.267101,37256000
8/8/2019,39.052502,39.577499,38.474998,39.564999,39.353767,30930000
9/8/2019,39.1525,39.1875,38.037498,38.544998,38.339207,34181600
12/8/2019,38.02,38.544998,37.642502,37.862499,37.660358,27920000
13/8/2019,37.8475,39.474998,37.455002,39.012501,38.804218,35195600
14/8/2019,38.125,38.237499,37.077499,37.517502,37.317204,41988000
15/8/2019,37.7075,37.907501,36.8475,37.192501,36.993931,47720000
16/8/2019,39.837502,40.384998,39.220001,39.889999,39.677025,100796000
19/8/2019,41.029999,42.855,40.8675,42.695,42.467049,81511200
20/8/2019,42.639999,42.645,41.755001,41.967499,41.743439,46318800
21/8/2019,42.6325,43.362499,42.415001,42.807499,42.578957,42724400
22/8/2019,42.904999,43.3325,42.474998,42.869999,42.641117,30348800
23/8/2019,42.099998,42.647499,40.41,40.610001,40.393192,56805600
26/8/2019,41.4025,41.645,40.977501,41.362499,41.141666,31820800
27/8/2019,41.747501,41.775002,40.154999,40.450001,40.234047,29096800
28/8/2019,40.145,40.834999,39.75,40.305,40.129501,25561200
29/8/2019,41.224998,42.075001,41.189999,41.75,41.568199,35797600
30/8/2019,42.215,42.715,41.695,41.877499,41.695152,29061600
3/9/2019,41.145,41.477501,40.8125,41.0425,40.863785,29614000
4/9/2019,41.6525,42.264999,41.6525,42.189999,42.006287,22772800
5/9/2019,43.217499,44.997501,43.200001,44.935001,44.739346,69567600
6/9/2019,44.700001,45.272499,44.279999,44.662498,44.468021,37697600
9/9/2019,44.974998,45.994999,44.959999,45.125,44.928509,41752400
10/9/2019,44.794998,46.0625,44.697498,45.794998,45.595577,35281200
11/9/2019,45.942501,46.567501,45.650002,46.0825,45.881847,36151200
12/9/2019,46.549999,47.099998,45.987499,46.067501,45.866909,32784000
13/9/2019,45.397499,45.77,45.044998,45.485001,45.286945,32459200
16/9/2019,44.73,45.400002,44.625,45.052502,44.856331,23183200
17/9/2019,45.119999,45.310001,44.6525,45.267502,45.070396,22304800
18/9/2019,45.197498,45.355,44.125,44.994999,44.79908,25815200
19/9/2019,45.055,45.240002,44.127499,44.235001,44.042393,24547600
20/9/2019,44.224998,44.462502,43.07,43.172501,42.984516,35024400
23/9/2019,43.174999,44.1675,43.137501,43.709999,43.519672,24971200
24/9/2019,44.025002,44.322498,42.775002,43.1325,42.944683,31726800
25/9/2019,43.127499,44.755001,42.677502,44.557499,44.363476,30843200
26/9/2019,44.459999,44.547501,43.822498,44.334999,44.141949,23456400
27/9/2019,43.915001,44.424999,42.330002,42.939999,42.753017,36205600
30/9/2019,43.200001,43.619999,42.884998,43.517502,43.328018,18618400
1/10/2019,43.75,45.25,43.452499,43.5,43.310593,36600800
2/10/2019,43.279999,43.400002,42.532501,43.259998,43.071625,29337200
3/10/2019,43.305,45.389999,43,45.327499,45.130131,45058800
4/10/2019,45.349998,45.787498,44.695,45.4925,45.294411,26552400
7/10/2019,46.145,47.084999,46.057499,46.0825,45.881847,48098400
8/10/2019,45.16,45.16,44.125,44.307499,44.114571,44443600
9/10/2019,45.080002,45.674999,44.790001,45.177502,44.980789,29241200
10/10/2019,45.154999,46.27,45.102501,45.7575,45.558258,30912400
11/10/2019,46.602501,47.334999,46.412498,46.497501,46.29504,44640400
14/10/2019,46.41,46.842499,46.0975,46.6325,46.429451,20004000
15/10/2019,47.540001,49.822498,47.400002,49.092499,48.878738,66412400
16/10/2019,48.75,49.805,48.4375,48.552502,48.341091,42894400
17/10/2019,49,49.452499,48.025002,48.572498,48.360996,26343600
18/10/2019,48.577499,48.904999,46.875,47.622501,47.415146,30744000
21/10/2019,48.240002,49.137501,48.049999,49.002499,48.789127,26186800
22/10/2019,49.575001,50.6325,48.825001,48.9025,48.68956,32872000
23/10/2019,48.077499,48.915001,47.7575,48.772499,48.560135,27991600
24/10/2019,49.1875,49.552502,48.845001,49.215,49.000698,23202000
25/10/2019,50.025002,51.345001,49.947498,51.134998,50.912338,42309200
28/10/2019,51.575001,52.224998,51.279999,51.697498,51.472389,33079200
29/10/2019,51.557499,51.622501,50.535,50.73,50.509102,21123600
30/10/2019,51,51.057499,50.064999,50.75,50.529026,20596000
31/10/2019,50.540001,50.75,49.452499,50.255001,50.036171,20973200
1/11/2019,49.900002,50.9725,49.647499,50.647499,50.426964,28364000
4/11/2019,51.462502,52.75,51.23,52.625,52.395859,37671600
5/11/2019,52.622501,52.884998,51.919998,52.4025,52.174316,30086800
6/11/2019,52.16,52.4175,51.0275,51.907501,51.681473,26901200
7/11/2019,52.7775,52.924999,51.634998,52.084999,51.858204,28034000
8/11/2019,51.915001,52.262501,51.537498,51.945,51.718819,18910000
11/11/2019,51.9375,52.2775,51.07,52.044998,51.818378,24343600
12/11/2019,52.43,52.965,52.077499,52.4025,52.174316,28350400
13/11/2019,52.087502,52.365002,51.474998,52.142502,51.915455,30018800
14/11/2019,52.232498,52.470001,51.630001,52.447498,52.219124,51808000
15/11/2019,52.424999,52.945,50.16,51.047501,50.825226,105362800
18/11/2019,50.9725,53.337502,50.942501,53.07,52.838913,57458800
19/11/2019,52.7575,52.994999,51.412498,51.997501,51.771088,41456400
20/11/2019,51.767502,53.637501,51.639999,52.794998,52.565113,47258800
21/11/2019,52.75,53.310001,52.327499,52.544998,52.316196,28838800
22/11/2019,52.772499,53.240002,52.485001,52.7225,52.492935,22410000
25/11/2019,54.009998,55.352501,53.880001,55.302502,55.061703,50647600
26/11/2019,55.125,55.172501,54.185001,54.25,54.013771,38524400
27/11/2019,54.6675,55.012501,54.294998,54.560001,54.362507,21578400
29/11/2019,54.25,54.535,53.945,54.185001,53.988869,14155600
2/12/2019,54.115002,54.25,52.16,52.3125,52.123135,37203600
3/12/2019,50.467499,51.955002,50.092499,51.915001,51.727085,46523200
4/12/2019,52.755001,52.98,52.067501,52.355,52.165493,27342400
5/12/2019,52.575001,52.732498,51.877499,52.185001,51.996109,18488400
6/12/2019,52.880001,53.372501,52.779999,53.0425,52.850502,23223600
9/12/2019,52.8125,53.592499,52.724998,53.0425,52.850502,21188000
10/12/2019,53.345001,54.014999,52.814999,53.494999,53.301365,25638800
11/12/2019,53.599998,54.389999,53.575001,54.334999,54.138321,23379600
12/12/2019,54.044998,56.200001,53.955002,56.017502,55.814739,40434800
13/12/2019,56.047501,57.244999,55.455002,55.997501,55.794811,45470400
16/12/2019,56.474998,57.014999,56.192501,56.287498,56.083755,32097600
17/12/2019,56.474998,57.299999,56.380001,57.072498,56.865925,32119600
18/12/2019,57.422501,57.985001,57.337502,57.377499,57.169811,34354800
19/12/2019,57.724998,59,57.674999,58.865002,58.651924,44536000
20/12/2019,59.532501,60.0975,59.34,59.842499,59.625885,60304400
23/12/2019,60.130001,60.452499,59.5975,59.705002,59.488888,35506000
24/12/2019,59.549999,59.827499,59.205002,59.654999,59.439072,13886400
26/12/2019,59.689999,60.080002,59.5,59.797501,59.581059,18285200
27/12/2019,59.950001,60.084999,58.952499,59.217499,59.003147,25464400
30/12/2019,58.997501,59.049999,57.764999,58.080002,57.86977,25805600
31/12/2019,57.724998,58.919998,57.532501,58.825001,58.612076,23100400
2/1/2020,59.6875,59.977501,59.18,59.977501,59.760403,23753600
3/1/2020,58.775002,59.4575,58.525002,59.017502,58.803871,20538400
6/1/2020,58.080002,59.317501,57.817501,59.264999,59.050476,26263600
7/1/2020,59.549999,60.442501,59.0975,59.982498,59.765377,31485600
8/1/2020,59.939999,60.509998,59.537498,60.095001,59.87748,27710800
9/1/2020,60.962502,61.482498,60.215,60.755001,60.535088,25511200
10/1/2020,61.8325,62.137501,60.9375,61.080002,60.85891,31629600
13/1/2020,61.915001,63.247501,61.6875,62.994999,62.766979,31984000
14/1/2020,62.564999,62.82,61.6875,61.82,61.596233,35908800
15/1/2020,61.947498,62.172501,61.1325,61.392502,61.170277,26310400
16/1/2020,61.93,62.2925,61.695,62.232498,62.00724,28419200
17/1/2020,62.424999,62.5,61.842499,62.32,62.094421,25379200
21/1/2020,61.952499,62.322498,61.642502,61.985001,61.760632,21791600
22/1/2020,62.439999,63.397499,62.25,62.5275,62.30117,23924000
23/1/2020,62.93,63.299999,62.037498,63.215,62.986187,24451600
24/1/2020,64.375,64.875,62.075001,62.619999,62.39333,37351200
27/1/2020,59.560001,60.5625,58.057499,60.049999,59.832634,47053600
28/1/2020,60.712502,62.317501,60.177502,61.9925,61.768105,31097600
29/1/2020,61.8475,62.209999,60.985001,61.384998,61.162804,25884800
30/1/2020,60.4025,61.587502,59.849998,61.452499,61.230057,29050400
31/1/2020,60.9925,61.112499,58.6875,59.107498,58.893543,37042000
3/2/2020,58.924999,60.2775,58.862499,60.0825,59.865021,25556400
4/2/2020,61.5075,61.974998,61.005001,61.782501,61.558868,27154400
5/2/2020,62.997501,63.099998,61.852501,62.689999,62.463081,20822000
6/2/2020,63.035,63.5625,62.220001,63.5625,63.33242,21828400
7/2/2020,63.16,63.3825,62.642502,62.897499,62.669834,18975200
10/2/2020,63.125,65.75,63.075001,65.7425,65.504532,52960800
11/2/2020,66.830002,68.125,66.207497,66.972504,66.73008,63855600
12/2/2020,67.502502,68.199997,67.112503,68.135002,67.888374,37464400
13/2/2020,67.552498,68.370003,67.277496,67.695,67.449966,52801600
14/2/2020,71.815002,73.7425,71.5,72.447502,72.185265,104192400
18/2/2020,71.410004,74.327499,71.214996,74.142502,73.874123,62016400
19/2/2020,75.372498,78.852501,75.372498,78.675003,78.390236,69433200
20/2/2020,78.192497,79.080002,74.087502,77.175003,76.895653,81005200
21/2/2020,76.047501,76.300003,72.665001,73.517502,73.251396,76818000
24/2/2020,67.547501,70.467499,67,68.32,68.072723,85691600
25/2/2020,69.074997,69.697502,64.489998,65.512497,65.27536,105549600
26/2/2020,65.514999,68.862503,65.5,66.912498,66.670303,74773200
27/2/2020,63.724998,66.75,62.2225,63.150002,62.959053,90641600
28/2/2020,60.615002,68.114998,60.447498,67.517502,67.313354,113325200
2/3/2020,69.224998,69.397499,65.25,69.107498,68.898537,89074400
3/3/2020,69.667503,70.267502,65.614998,66.472504,66.271507,65279200
4/3/2020,67.550003,71.222504,66.800003,71.127502,70.912437,59740800
5/3/2020,69.125,70.800003,67.875,68.322502,68.115944,54032800
6/3/2020,66.519997,67.097504,64.5,66.510002,66.308907,51541200
9/3/2020,59.974998,64.849998,59.544998,61.360001,61.174465,61416000
10/3/2020,64.135002,65.269997,61.497501,65.269997,65.072639,58064800
11/3/2020,63.865002,64.150002,60.642502,61.6175,61.431183,49996400
12/3/2020,56.365002,59.029999,53.950001,54.077499,53.913979,81654000
13/3/2020,57.625,60.255001,54.9025,60.209999,60.027943,63483600
16/3/2020,53.102501,56.525002,48.5,49.099998,48.95153,72697200
17/3/2020,50.227501,55.215,47.75,54.317501,54.153255,83363200
18/3/2020,50.025002,52.485001,45.169998,50.705002,50.551678,87426800
19/3/2020,50.490002,54.182499,48.3475,53.2425,53.081512,76551200
20/3/2020,54.75,57.580002,51.282501,51.4375,51.281967,80463600
23/3/2020,51.427502,54.119999,49.630001,53.172501,53.011726,64387600
24/3/2020,57.25,63.165001,57.012501,62.294998,62.106636,110164400
25/3/2020,63.450001,65.455002,60.915001,61.404999,61.219326,79343200
26/3/2020,63.485001,65.555,62.5,64.309998,64.115547,69610800
27/3/2020,62.5,65.779999,62.169998,63.182499,62.991451,63882800
30/3/2020,63.84,66.489998,63.397499,66.397499,66.196732,60225200
31/3/2020,66.800003,68.849998,64.4375,65.900002,65.700737,94996000
1/4/2020,63.912498,65.3825,60.32,60.767502,60.583752,65691200
2/4/2020,61.060001,64,60.577499,63.8675,63.674385,67576400
3/4/2020,63.490002,63.907501,59.5975,60.977501,60.793121,66321200
6/4/2020,63.810001,67.470001,63.232498,67.099998,66.897102,72788400
7/4/2020,69.324997,69.5625,64.324997,64.7575,64.561691,78452000
8/4/2020,65.852501,66.987503,65.150002,66.737503,66.535713,54244400
9/4/2020,68,68.230003,65.105003,65.737503,65.538734,52556400
13/4/2020,65.137497,67.550003,64.25,67.462502,67.258514,39840800
14/4/2020,68.75,71.330002,68.472504,70.987503,70.772858,53094800
15/4/2020,69.300003,71.042503,68.845001,70.209999,69.997704,36614800
16/4/2020,71.769997,74.75,71.637497,73.675003,73.452232,74562000
17/4/2020,74.5,74.714996,71.735001,73.080002,72.859024,53912000
20/4/2020,71.809998,73.375,71.317497,71.762497,71.545509,44938800
21/4/2020,70.577499,71.192497,66.777496,67.377502,67.173782,73516000
22/4/2020,69.307503,71.967499,68.849998,71.537498,71.32119,48335600
23/4/2020,71.959999,73.285004,70.75,71.002502,70.787819,42416000
24/4/2020,70.900002,72.417503,70.150002,72.397499,72.178596,35232800
27/4/2020,73.747498,75.875,73.5,74.269997,74.04541,47938800
28/4/2020,75.75,76.050003,72.785004,72.839996,72.619743,44290400
29/4/2020,74.192497,75.144997,73.4375,74.614998,74.389381,37916000
30/4/2020,74.072502,74.614998,72.93,73.07,72.849045,37591600
1/5/2020,71.087502,72.224998,70.209999,70.695,70.481255,34209600
4/5/2020,70.220001,72.959999,70.220001,72.822502,72.602303,31755600
5/5/2020,73.8675,75.067497,72.822502,73.434998,73.212959,36889600
6/5/2020,74.232498,75.5,73.852501,74.447502,74.222382,32346400
7/5/2020,75.845001,76.852501,75.330002,76.217499,75.987045,37373200
8/5/2020,76.9375,78.1875,76.597504,78.125,77.888763,33921600
11/5/2020,78.074997,81.125,77.787498,80.654999,80.411118,46906000
12/5/2020,81.235001,81.724998,77.927498,78.025002,77.789078,49306000
13/5/2020,79.175003,80.785004,75.947502,77.800003,77.564766,62585200
14/5/2020,78.417503,80.360001,76.875,80.305,80.062172,60231200
15/5/2020,78.897499,85.004997,78.739998,84.907501,84.650772,98766000
18/5/2020,87.605003,89.165001,86.805,87.502502,87.23793,77446000
19/5/2020,87.902496,90.875,87.627502,88.055,87.788742,71732000
20/5/2020,89.910004,90.43,88.887497,89.699997,89.428764,58753600
21/5/2020,90.514999,90.525002,87.375,87.752502,87.487167,76106800
22/5/2020,88.252502,90.93,87.1325,90.262497,89.989563,103876400
26/5/2020,91.567497,91.817497,86.720001,87.177498,86.913887,77078000
27/5/2020,86.25,86.327499,79.967499,85.252502,84.99472,117589200
28/5/2020,84.122498,87.605003,83.792503,84.870003,84.613396,73489600
29/5/2020,85.544998,88.754997,84.849998,88.754997,88.486633,74525600
1/6/2020,88.332497,88.407501,86.894997,88.0625,87.796227,38987600
2/6/2020,87.962502,88.372498,86.580002,88.252502,87.985649,39132000
3/6/2020,88.222504,88.662498,87,87.695,87.42984,36544000
4/6/2020,87.279999,89.432503,86.775002,87.665001,87.439804,42428000
5/6/2020,87.945,89.970001,87.080002,89.199997,88.970879,48174800
8/6/2020,88.772499,88.897499,86.857498,88.050003,87.823814,38773600
9/6/2020,88,91.097504,87.512497,90.459999,90.227646,46848800
10/6/2020,91.677498,95,91.535004,93.667503,93.426895,63218000
11/6/2020,91.5,92.612503,87.860001,87.962502,87.736557,58365200
12/6/2020,91.625,91.872498,87.032501,89.324997,89.095551,57090800
15/6/2020,88.152496,91.822502,87.4375,91.737503,91.501854,40000400
16/6/2020,92.25,92.667503,88.387497,90.684998,90.452049,53571600
17/6/2020,91.137497,92.989998,90.702499,92.360001,92.122749,40830400
18/6/2020,92.269997,92.824997,91.144997,92.18,91.943207,25440800
19/6/2020,92.425003,94.449997,92.272499,92.612503,92.374611,52416000
22/6/2020,93,95.3125,92.732498,95.267502,95.022797,39846800
23/6/2020,95.510002,96.425003,94.074997,94.5,94.257263,37510800
24/6/2020,94.762497,95.565002,91.445,92.355003,92.11776,44937200
25/6/2020,93.557503,95.050003,91.822502,94.900002,94.656227,37607200
26/6/2020,95,95,91.25,91.550003,91.314835,59208400
29/6/2020,91.697502,92.044998,89,92,91.763672,34224800
30/6/2020,93.139999,95.262497,92.665001,94.977501,94.733536,36789200
1/7/2020,95.207497,95.7575,94.129997,95.300003,95.055214,32664800
2/7/2020,96.389999,97.375,95.782501,96.122498,95.875595,36405600
6/7/2020,97.417503,99.087502,97.125,98.392502,98.139763,31589200
7/7/2020,99.462502,100.699997,98.5075,98.717499,98.463921,35780000
8/7/2020,99.9375,102.25,99.654999,102.160004,101.897583,36548000
9/7/2020,103.802498,105.699997,102.334999,105.089996,104.820045,49454800
10/7/2020,105.887497,106.552498,103.787498,104.792503,104.523323,49767600
13/7/2020,105.949997,107.922501,100.25,100.522499,100.26429,45707600
14/7/2020,100.75,104.027496,97.855003,103.769997,103.503441,54267600
15/7/2020,104.142502,104.330002,100.557503,102.272499,102.009796,40398400
16/7/2020,100.150002,102.067497,98.955002,101.347504,101.087166,34496400
17/7/2020,102.254997,102.485001,100.877502,102.014999,101.752953,26628400
20/7/2020,102.7425,105.3125,101.567497,105.107498,104.837509,28485200
21/7/2020,105.129997,105.599998,102.8675,103.285004,103.019691,27703600
22/7/2020,103.675003,106.025002,102.915001,104.387497,104.119347,36729200
23/7/2020,104.5,105.470001,100.3125,101.297501,101.0373,41166000
24/7/2020,98.75,103.647499,97.769997,101.945,101.683136,47329200
27/7/2020,102.322502,104.417503,102.177498,104.214996,103.947296,29213200
28/7/2020,103.7425,103.82,102.092499,102.154999,101.892586,27163600
29/7/2020,103.907501,105.162498,103.470001,104.654999,104.386162,28450800
30/7/2020,103.75,106.230003,102.952499,106.139999,105.867355,30888000
31/7/2020,105.6325,107.665001,104.330002,106.147499,105.87484,38608000
3/8/2020,107.324997,110.987503,107.152496,110.102501,109.819687,41272000
4/8/2020,110.5,112.277496,109.059998,112.277496,111.989075,31033600
5/8/2020,112.440002,113.717499,111.662498,112.8675,112.57756,24992400
6/8/2020,113.497498,113.580002,111.787498,113.355003,113.063812,24431600
7/8/2020,113.125,115.047501,110.375,111.995003,111.707321,34251600
10/8/2020,113.342499,114.082497,108.565002,111.650002,111.363205,42779600
11/8/2020,110.737503,111.3675,107.957497,108.5,108.221283,35451200
12/8/2020,109.907501,114.669998,109.582497,114.402496,114.108635,46441200
13/8/2020,115.459999,117.217499,113.557503,114.43,114.136063,37446000
14/8/2020,115.300003,117.047501,114.404999,115.639999,115.342949,36643600
17/8/2020,118.512497,124.097504,118.172501,123.370003,123.053101,62130000
18/8/2020,124.5,124.959999,120.862503,122.607498,122.292549,50344800
19/8/2020,122.964996,123.150002,120.980003,121.385002,121.073189,62262400
20/8/2020,119.75,123.75,118.787498,121.410004,121.098137,92138800
21/8/2020,122.017502,128.087494,121.952499,126.834999,126.509201,99986800
24/8/2020,128.837494,129.125,125.074997,127.202499,126.875732,49056400
25/8/2020,126.307503,127.612503,125.737503,127.5,127.172501,28907600
26/8/2020,127.9925,128.684998,126.777496,127.730003,127.401917,32124400
27/8/2020,127.815002,128.5,125.665001,126.282501,125.958115,31760400
28/8/2020,126.75,131.479996,126.425003,131.477493,131.139755,53716000
31/8/2020,131.827499,135.75,130.377502,133.744995,133.401443,50084000
1/9/2020,134.800003,139.9375,134.365005,138.210007,137.896255,51131600
2/9/2020,147.037506,147.267502,139,143.464996,143.139282,87401200
3/9/2020,138.287506,138.845001,128.787506,130.154999,129.859482,94512800
4/9/2020,127.837502,131.75,117.047501,126.224998,125.938446,146368400
8/9/2020,117.345001,125.5,117.042503,119.129997,118.859535,79572800
9/9/2020,124,128.092499,122.317497,127.150002,126.861343,73620000
10/9/2020,129.892502,130.652496,121.669998,123.1175,122.837982,69868400
11/9/2020,124.855003,126.525002,118.957497,121.644997,121.36882,63692800
14/9/2020,130.809998,133.149994,126.3125,128.722504,128.430252,120174400
15/9/2020,132.800003,132.987503,128.277496,129.910004,129.615067,72755600
16/9/2020,129.572495,130.927505,125.137497,125.144997,124.860886,55638400
17/9/2020,121.322502,125.897499,120.347504,124.635002,124.352036,79251200
18/9/2020,125.9375,126.324997,119.887497,121.892502,121.615768,69846000
21/9/2020,119.25,125.224998,119.044998,125.172501,124.888313,72104400
22/9/2020,125.75,126.480003,121.555,126.377502,126.090591,64645200
23/9/2020,125.754997,127.269997,120.792503,121.237503,120.962265,64701200
24/9/2020,120.722504,125.695,120.139999,123.480003,123.199669,73124000
25/9/2020,124.474998,128.835007,122.457497,128.737503,128.445251,58801600
28/9/2020,130.402496,130.517502,127.5,130.350006,130.054062,57380800
29/9/2020,129.375,134.427505,129.332504,132.257507,131.957245,62146000
30/9/2020,131.574997,136.225006,131.502502,135.304993,134.997818,68918400
1/10/2020,137.580002,137.627502,134.607498,136.145004,135.835922,52500400
2/10/2020,132.25,135.195007,130.509995,130.622498,130.325928,55249600
5/10/2020,132.360001,136.442505,132.227493,136.425003,136.11528,47982000
6/10/2020,138.300003,141.419998,136.649994,137.365005,137.053131,78442000
7/10/2020,139.997498,141.192505,138.634995,139.639999,139.322968,41808400
8/10/2020,140.75,140.845001,137.580002,138.387497,138.073318,37890000
9/10/2020,137.669998,138.242493,136.607498,137.627502,137.315048,34689200
12/10/2020,139.895004,143.470001,139.125,142.259995,141.936996,43474400
13/10/2020,142.964996,143.485001,140.1875,142.482498,142.159027,34460400
14/10/2020,142.904999,143.427505,139.600006,140.952499,140.632477,27610000
15/10/2020,138.107498,140.057495,137.677505,139.699997,139.382843,26722400
16/10/2020,140.367493,141.214996,137.925003,138.115005,137.801437,24239200
19/10/2020,139.029999,139.835007,134.067505,134.977493,134.671051,29806800
20/10/2020,135.835007,137.997498,135.070007,136.455002,136.145203,22921200
21/10/2020,136.25,137.914993,134.774994,135.247498,134.94046,21959600
22/10/2020,135.225006,136.117493,132.317505,133.610001,133.306671,29048000
23/10/2020,134.5,135.932495,132.912506,135.902496,135.593964,23348400
26/10/2020,134.270004,136.927505,130.384995,131.412506,131.114151,33689600
27/10/2020,133.059998,134.419998,131.914993,133.967499,133.663345,25052000
28/10/2020,131.979996,132.600006,126.089996,126.269997,125.98333,37652000
29/10/2020,128.384995,131.927505,127.5,130.240005,129.944336,32008000
30/10/2020,128.5,129.365005,123,125.339996,125.055443,41682000
2/11/2020,126.577499,128.367493,123.949997,125.807503,125.521881,29965200
3/11/2020,127.084999,131.050003,126.027496,130.195007,129.899429,27290000
4/11/2020,133.892502,138.274994,133.369995,137.942505,137.629364,41022800
5/11/2020,141.625,143.389999,139.910004,141.600006,141.278534,31902800
6/11/2020,141.097504,145.887497,138.949997,145.619995,145.289368,38334800
9/11/2020,145.524994,146.914993,136.107498,136.307495,135.998047,58297600
10/11/2020,136.065002,136.065002,126.282501,127.699997,127.410072,64406800
11/11/2020,130.537506,134.350006,129.482498,134.179993,133.875366,40474400
12/11/2020,134.789993,137.660004,133.160004,134.567505,134.261978,36581200
13/11/2020,136.272507,136.6875,130.592499,132.970001,132.668106,34631200
16/11/2020,131.725006,136.494995,131.559998,135.152496,134.845657,41377600
17/11/2020,135.524994,135.962494,133.037506,134.222504,133.917786,31202800
18/11/2020,134.652496,136.057495,131.850006,134.287506,133.982605,51092400
19/11/2020,132.127502,134.875,131,134.402496,134.097366,56593600
20/11/2020,134.539993,134.945007,130.649994,130.877502,130.580353,34108800
23/11/2020,131.712494,133.824997,130.154999,131.399994,131.101685,36135600
24/11/2020,131.425003,131.619995,128.850006,129.577499,129.283325,34650000
25/11/2020,130.324997,132.695007,130.199997,132.347504,132.047043,25991600
27/11/2020,133.75,134.074997,131.705002,132.612503,132.311447,16727600
30/11/2020,132.649994,134.125,129.722504,134.014999,133.710709,28695200
1/12/2020,134.922501,135.287506,132.282501,133.899994,133.595993,29694800
2/12/2020,133.505005,136.735001,132.342499,135.445007,135.137512,28336000
3/12/2020,135.875,136.600006,133.289993,133.960007,133.695374,19952000
4/12/2020,134.485001,135.600006,133.887497,135.582504,135.314651,20224400
7/12/2020,136.012497,137.3125,135,136.067505,135.798676,22324400
8/12/2020,135.850006,135.987503,132.815002,133.5,133.236267,27192000
9/12/2020,133.005005,134.139999,128.682495,129.307495,129.052048,40130000
10/12/2020,128.690002,130.6875,128.494995,129.722504,129.466217,20776400
11/12/2020,129.672501,130.199997,128.229996,130.132507,129.875412,20926400
14/12/2020,130.880005,133.887497,130.774994,133.087494,132.824554,27015600
15/12/2020,134.397507,134.639999,131.867493,133.604996,133.341064,19301600
16/12/2020,134.225006,134.372498,132.125,132.425003,132.163391,22311600
17/12/2020,133.667496,133.794998,131.785004,133.412506,133.148956,23138400
18/12/2020,133.789993,134.050003,130.705002,132.720001,132.457794,34206400
21/12/2020,130.747498,133.699997,129.675003,133.322495,133.059113,30233200
22/12/2020,133.192505,133.372498,130.539993,132.782501,132.520172,18558000
23/12/2020,132.559998,132.75,130.050003,130.092499,129.83551,17914400
24/12/2020,130.372498,131.324997,129.387497,129.9375,129.680801,9788400
28/12/2020,130.625,130.625,127.6325,129,128.745163,21256400
29/12/2020,129.25,130.725006,128.422501,129.432495,129.176804,17037200
30/12/2020,129.902496,132.137497,128.967499,131.457504,131.1978,22539600
31/12/2020,131.365005,131.509995,129.149994,130.550003,130.29213,19242400
4/1/2021,131.042496,136.524994,129.625,131.134995,130.875931,56064000
5/1/2021,130.997498,134.434998,130.869995,134.047501,133.7827,32276000
6/1/2021,132.225006,132.449997,125.860001,126.144997,125.89579,58042400
7/1/2021,129.675003,133.777496,128.865005,133.440002,133.176392,46148000
8/1/2021,133.625,134.210007,130.419998,132.767502,132.505234,29252800
11/1/2021,134.1875,139.610001,133.625,136.214996,135.945908,51834400
12/1/2021,137.524994,137.544998,133.449997,134.847504,134.5811,29147600
13/1/2021,134.899994,136.25,133.850006,135.317505,135.050186,21002800
14/1/2021,135.75,135.997498,131.804993,132.002502,131.741714,28312000
15/1/2021,132.279999,133.252502,128.485001,128.595001,128.340958,27778000
19/1/2021,130.162506,130.940002,128.440002,130.252502,129.995163,22618800
20/1/2021,131.117493,134.304993,130.567505,133.657501,133.393463,25857200
21/1/2021,134.184998,139.992493,132.529999,138.675003,138.401047,33778000
22/1/2021,137.399994,138.417496,136.272507,137.125,136.854095,24682000
25/1/2021,137.817505,138.285004,132.365005,136.532501,136.262787,25111200
26/1/2021,135.804993,136.447495,133.875,134.352493,134.087067,16398000
27/1/2021,132.300003,132.327499,127.9375,129.177505,128.922318,37127200
28/1/2021,129.962494,133.397507,129.604996,130.509995,130.252151,22831600
29/1/2021,130.75,133.347504,129.115005,129.897507,129.6409,27155200
1/2/2021,130.532501,132.707504,129.027496,132.369995,132.108475,21720400
2/2/2021,133.987503,135.720001,132.854996,135.567505,135.299698,22044000
3/2/2021,136.360001,139.317505,135.164993,135.304993,135.037704,24540800
4/2/2021,135.309998,136.735001,133.377502,136.642502,136.372559,20134000
5/2/2021,137.25,137.372498,135.457504,135.910004,135.641495,16915200
8/2/2021,137.272507,144.737503,137.272507,144.387497,144.102249,43462400
9/2/2021,143.407501,145.832504,142.225006,142.632507,142.350723,28756000
10/2/2021,144.632507,149.050003,143.414993,147.642502,147.350845,48535200
11/2/2021,149.802505,152.722504,149.25,152.507507,152.206238,45082800
12/2/2021,150.5,152.912506,147.75,149.612503,149.31694,37475600
16/2/2021,150.642502,153.725006,149.5,153.302505,152.999649,32196000
17/2/2021,151.710007,152.235001,147.800003,149.059998,148.765518,27475600
18/2/2021,147.289993,148.732498,145.75,148.289993,147.99704,23386800
19/2/2021,150.244995,151.770004,148.467499,149.264999,148.970108,27172400
22/2/2021,147.747498,151.332504,143.25,143.557495,143.273911,32588400
23/2/2021,140.752502,142.387497,133.895004,141.419998,141.14061,39178000
24/2/2021,141.227493,145.067505,137.559998,144.990005,144.703583,44832000
25/2/2021,140.455002,143.747498,132.162506,133.074997,132.812134,82443600
26/2/2021,137.524994,138.544998,133.610001,137.145004,136.874054,50093200
1/3/2021,138.75,139.25,135.532501,138.417496,138.144058,35318400
2/3/2021,139,139.205002,133.960007,134.0625,133.797638,26411600
3/3/2021,134.262497,134.514999,127.987503,128.047501,127.794548,37759200
4/3/2021,128.007507,129.75,120.837502,123.702499,123.458115,57334400
5/3/2021,125.5,125.5,116.792503,124.614998,124.368828,54284000
8/3/2021,124.5,124.712502,115.665001,115.932503,115.703461,54311200
9/3/2021,121.302498,126.167503,120.592499,125.202499,124.998276,52182400
10/3/2021,128.404999,129.800003,124.574997,124.682503,124.479141,38437600
11/3/2021,129.5,130.462494,127.345001,129.934998,129.723053,29991600
12/3/2021,126.482498,128.887497,125.900002,128.559998,128.350311,24396400
15/3/2021,128.647507,132.067505,127.672501,131.912506,131.697327,22198800
16/3/2021,133.565002,135.125,131.167496,132.912506,132.695709,27212800
17/3/2021,130.397507,134.532501,129.895004,133.412506,133.194916,24386400
18/3/2021,131.365005,131.839996,127.169998,127.224998,127.017479,29389600
19/3/2021,127.5,129.214996,126.125,128.457504,128.247986,29920800
22/3/2021,129.127502,133.945007,129.067505,131.862503,131.647415,29780400
23/3/2021,132.542496,133.445007,130.212494,130.707504,130.494308,22204800
24/3/2021,131.512497,131.592499,126.3675,126.43,126.223785,24584000
25/3/2021,124.995003,127.147499,122.720001,125.352501,125.148048,29514400
26/3/2021,125.544998,128.5625,123.735001,128.392502,128.183105,36396800
29/3/2021,128.202499,130.625,127,129.482498,129.271301,27352000
30/3/2021,128.419998,129.752502,127.050003,128.717499,128.507538,20020400
31/3/2021,130.154999,134.705002,129.824997,133.482498,133.264786,31477600
1/4/2021,135.722504,138.699997,135.112503,138.117493,137.892212,30827600
5/4/2021,138.675003,140.139999,137.330002,139.875,139.646866,25567200
6/4/2021,139.997498,140.542496,137.735001,138.615005,138.388931,19174400
7/4/2021,138.807495,142.434998,137.115005,141.434998,141.2043,25128400
8/4/2021,142.527496,144.714996,142.490005,143.169998,142.936478,24441600
9/4/2021,142.139999,144.080002,141.75,144,143.765137,19517200
12/4/2021,142.897507,153.524994,141.392502,152.089996,151.841919,86932400
13/4/2021,152.315002,157,151.257507,156.794998,156.539246,67621200
14/4/2021,156.25,157.205002,152.274994,152.770004,152.520844,38550000
15/4/2021,156.625,162.142502,156.315002,161.372498,161.109299,59848000
16/4/2021,160.529999,161.657501,158.652496,159.125,158.865463,33520800
19/4/2021,155.365005,158.074997,152.330002,153.617493,153.366928,40442000
20/4/2021,153.232498,154.970001,149.630005,151.712494,151.465042,33413200
21/4/2021,151.1875,153.625,151.022507,153.604996,153.354446,21677600
22/4/2021,153.75,154.384995,147.835007,148.502502,148.2603,27778800
23/4/2021,149.342499,153.350006,149.002502,152.652496,152.403519,22750000
26/4/2021,151.850006,154.789993,151.25,154.779999,154.527527,19779600
27/4/2021,155.785004,156.705002,153.544998,153.817505,153.566605,16457200
28/4/2021,153.645004,155.322495,152.154999,152.767502,152.518341,20941600
29/4/2021,154,154.365005,150.714996,153.247498,152.997528,17319600
30/4/2021,151.744995,153.649994,149.970001,150.095001,149.850189,20191200
3/5/2021,151.25,152.467499,147.875,148.367493,148.125488,20391200
4/5/2021,146.372498,146.375,140.102493,143.512497,143.278412,40532400
5/5/2021,147.089996,148.134995,143.875,144.585007,144.349167,29202400
6/5/2021,144.952499,145.712494,142.179993,145.229996,144.993103,19338000
7/5/2021,148.082504,149.707504,146.717499,148.122498,147.88089,22932800
10/5/2021,147.872498,148.059998,142.5,142.657501,142.42482,26890400
11/5/2021,138.25,143.547501,137.5,143.0625,142.829117,28558400
12/5/2021,140.095001,142.602493,137.092499,137.585007,137.36058,30340800
13/5/2021,140.337494,140.807495,134.589996,136.652496,136.429611,28540400
14/5/2021,138.899994,143.279999,137.485001,142.429993,142.197678,25861600
17/5/2021,141.570007,141.692505,138.535004,141.654999,141.423965,21698000
18/5/2021,142.669998,144.042496,140.039993,140.157501,139.928909,18625600
19/5/2021,135.664993,140.794998,135.432495,140.657501,140.428085,34400000
20/5/2021,143.024994,146.837494,142.705002,146.125,145.886658,32159200
21/5/2021,151.637497,152.220001,148.695007,149.917496,149.672943,67299200
24/5/2021,152.125,157.449997,151.759995,156.119995,155.865341,55481600
25/5/2021,157.660004,158.184998,154.824997,156.477493,156.222275,43540800
26/5/2021,157.342499,157.9375,155.862503,157,156.743927,37044000
27/5/2021,156.997498,157.5,154.600006,154.880005,154.627396,58147600
28/5/2021,155.009995,162.774994,155.009995,162.445007,162.180069,64453600
1/6/2021,162.699997,163.882507,159.032501,162.645004,162.379715,47280400
2/6/2021,162.522507,169.1875,162.354996,167.782501,167.50882,59416800
3/6/2021,167.007507,172.589996,165.830002,169.697495,169.420715,58000800
4/6/2021,171.125,176.610001,170.955002,175.782501,175.495773,61712000
7/6/2021,175.712494,178.125,171.927505,176.190002,175.902603,57575600
8/6/2021,175.272507,176.214996,172.509995,174.570007,174.285294,32384800
9/6/2021,175.157501,175.75,172.557495,173.582504,173.339111,38165600
10/6/2021,173.5,174.919998,171.759995,174.25,174.00563,28777200
11/6/2021,174.794998,179.392502,174.4375,178.252502,178.002533,41630800
14/6/2021,179.059998,180.395004,176.627502,180.1875,179.93483,32137600
15/6/2021,179.149994,180.162506,177.279999,177.884995,177.635574,24303200
16/6/2021,177.907501,179.547501,175.845001,178.102493,177.852737,30712400
17/6/2021,177.744995,188.350006,177.5625,186.572495,186.310867,80965600
18/6/2021,187.839996,193.75,185.839996,186.387497,186.126114,96885600
21/6/2021,184.352493,185.365005,178.227493,184.272507,184.014114,67238400
22/6/2021,184.714996,189.637497,183.860001,188.867493,188.602661,58014400
23/6/2021,190.077499,191.527496,189.077499,190.572495,190.305252,33235600
24/6/2021,192.277496,194.199997,190.882507,192.054993,191.785675,32092400
25/6/2021,192.804993,193.455002,188.945007,190.309998,190.043137,27836400
28/6/2021,193.612503,200.787506,193.190002,199.850006,199.569778,49543600
29/6/2021,198.824997,200.987503,196.570007,200.267502,199.986679,36763200
30/6/2021,199.992493,201.625,198.637497,200.024994,199.744507,32656800
1/7/2021,201.25,204.559998,200.190002,202.119995,201.836563,48013600
2/7/2021,204.402496,205.052505,202.877502,204.869995,204.582733,34276400
6/7/2021,207.375,208.419998,203.502502,206.985001,206.694763,44670800
7/7/2021,208.535004,208.75,203.320007,203.717499,203.431824,41842800
8/7/2021,198.565002,201.330002,197.007507,199.027496,198.748398,50330000
9/7/2021,199.625,200.802505,197.542496,200.502502,200.221344,29662400
12/7/2021,202.399994,205.327499,201.877502,205.125,204.837372,32198400
13/7/2021,204.005005,204.612503,201.139999,202.5,202.216034,29070800
14/7/2021,203.577499,204.177505,197.527496,198.414993,198.13678,38010000
15/7/2021,198.117493,198.470001,188.585007,189.662506,189.396576,55056400
16/7/2021,190.304993,191.570007,180.729996,181.610001,181.355331,68822400
19/7/2021,179.152496,190.419998,178.654999,187.797501,187.53418,74906000
20/7/2021,187.300003,188.380005,181.639999,186.119995,185.858994,43468700
21/7/2021,188.820007,195.270004,187.419998,194.100006,193.82782,37101700
22/7/2021,196.419998,198.869995,192.759995,195.940002,195.665237,32382600
23/7/2021,196.559998,197,192.5,195.580002,195.30574,19567200
26/7/2021,193.110001,194.419998,189.139999,192.940002,192.669464,20394300
27/7/2021,192.649994,196.220001,187.410004,192.080002,191.810654,24886300
28/7/2021,193.190002,196.460007,189.949997,195.029999,194.756531,20219100
29/7/2021,195.190002,198.529999,193.279999,196.619995,196.344299,19078100
30/7/2021,194.179993,196.300003,192.630005,194.990005,194.716583,18349700
2/8/2021,197,199.610001,193.610001,197.5,197.223053,21744400
3/8/2021,197.399994,202.220001,192.199997,198.149994,197.872147,30181100
4/8/2021,199.899994,203.179993,198.279999,202.740005,202.455704,23130900
5/8/2021,205,207.330002,203.419998,206.369995,206.080627,21143500
6/8/2021,205.240005,205.699997,202.100006,203.660004,203.374405,17849700
9/8/2021,204.460007,205.080002,201.429993,202.949997,202.665405,14644300
10/8/2021,203.220001,204.300003,198.350006,199.360001,199.08046,17923800
11/8/2021,200.429993,200.490005,194.300003,196.990005,196.71376,18592500
12/8/2021,198.699997,200.289993,196.199997,199.050003,198.770874,15165200
13/8/2021,199.050003,202.139999,198.509995,201.880005,201.596939,18306300
16/8/2021,201.350006,202.869995,194.529999,199.5,199.220261,21087600
17/8/2021,196.850006,197.699997,192.669998,194.580002,194.307144,20458500
18/8/2021,195,196.339996,190,190.399994,190.133011,28591300
19/8/2021,194.940002,204.949997,187.619995,197.979996,197.702377,76655500
20/8/2021,199.910004,208.649994,199.330002,208.160004,207.868118,67574100
23/8/2021,209.710007,219.970001,209.5,219.580002,219.272079,57580700
24/8/2021,217.529999,219.589996,215.350006,217.929993,217.62439,29729900
25/8/2021,217.369995,224.699997,217.220001,222.130005,221.818527,34770100
26/8/2021,222,223.399994,217.899994,220.679993,220.370529,23794000
27/8/2021,221.839996,227.220001,221.669998,226.360001,226.042603,30472200
30/8/2021,228.300003,230.429993,225.509995,226.880005,226.561859,26258000
31/8/2021,226.949997,226.949997,221.199997,223.850006,223.575531,25985000
1/9/2021,224.850006,226.970001,223.570007,224.410004,224.134842,20176700
2/9/2021,225.179993,225.929993,222.949997,223.960007,223.685394,18783400
3/9/2021,223.25,229.860001,222,228.429993,228.149918,28053200
7/9/2021,228.330002,228.990005,225.220001,226.619995,226.342117,19810700
8/9/2021,225.130005,226.100006,219.770004,223.389999,223.116089,25443400
9/9/2021,223.119995,225.380005,221.309998,221.770004,221.498077,19685600
10/9/2021,223.479996,226.259995,222.699997,224.779999,224.504364,24837600
13/9/2021,226.839996,229.639999,218.580002,221.520004,221.248398,29750000
14/9/2021,222.75,224.100006,220.860001,222.419998,222.147293,19975500
15/9/2021,223.089996,223.669998,219.660004,223.410004,223.136078,16653800
16/9/2021,221.830002,222.770004,219.270004,222.419998,222.147293,15603300
17/9/2021,223,223.210007,218.300003,219,218.731476,29450300
20/9/2021,211.460007,214.330002,206.619995,211.130005,210.871124,34944000
21/9/2021,214.169998,214.25,209.5,212.460007,212.199509,20468800
22/9/2021,213.660004,219.600006,211.960007,219.410004,219.140961,26872600
23/9/2021,221.399994,225.350006,218.899994,224.820007,224.544357,24855500
24/9/2021,220.699997,221.490005,218.610001,220.809998,220.539246,21765500
27/9/2021,217.100006,217.990005,213.25,216.600006,216.334412,24521500
28/9/2021,212.139999,214.190002,206.509995,206.990005,206.736206,34306900
29/9/2021,209.399994,210.169998,204.669998,205.169998,204.918411,21839400
30/9/2021,207.679993,210.660004,206.880005,207.160004,206.905991,22100900
1/10/2021,207.5,208.589996,202.029999,207.419998,207.165665,24097800
4/10/2021,205.039993,205.419998,195.550003,197.320007,197.078064,34563500
5/10/2021,199.5,206.479996,198.539993,204.509995,204.259232,27928200
6/10/2021,201.199997,207.199997,200.800003,207,206.746185,29720200
7/10/2021,210.919998,213.220001,209.720001,210.75,210.491577,25691900
8/10/2021,211.009995,212.059998,207.75,208.309998,208.054581,15125800
11/10/2021,205.75,210.630005,205.110001,206.949997,206.696243,16338800
12/10/2021,208.279999,210.570007,205.279999,206.710007,206.456543,16213400
13/10/2021,209.179993,209.899994,207.130005,209.389999,209.13324,18065200
14/10/2021,212.880005,217.550003,211.220001,217.460007,217.193375,24358900
15/10/2021,218.100006,219.309998,216.619995,218.619995,218.351929,22699400
18/10/2021,217.490005,222.910004,216.440002,222.220001,221.947525,18949400
19/10/2021,222.759995,223.789993,220.369995,222.899994,222.626663,16147300
20/10/2021,223.050003,224.330002,219.820007,221.029999,220.758972,14627600
21/10/2021,220.970001,227.110001,220.830002,226.919998,226.641754,18759000
22/10/2021,228.229996,231.300003,225.610001,227.259995,226.981354,24938400
25/10/2021,229.729996,233.550003,227.699997,231.660004,231.375961,23023500
26/10/2021,239.889999,252.589996,239.240005,247.169998,246.866913,48589800
27/10/2021,244.740005,250.899994,242.820007,244.509995,244.21019,24599000
28/10/2021,248.779999,249.5,245.229996,249.410004,249.104187,23420400
29/10/2021,250.009995,257.089996,250,255.669998,255.356522,29250300
1/11/2021,256.48999,258.940002,252.270004,258.269989,257.953278,26574000
2/11/2021,258.220001,266.779999,258,264.01001,263.686249,29411200
3/11/2021,266.700012,267.839996,262.350006,265.980011,265.653839,23991000
4/11/2021,272.290009,313.649994,271.179993,298.01001,297.644623,115363100
5/11/2021,301.869995,314,294.100006,297.519989,297.155182,85126000
8/11/2021,301.48999,311,299.070007,308.040009,307.662292,50310100
9/11/2021,322.820007,323.100006,299.640015,306.570007,306.194122,64674600
10/11/2021,293.559998,308.5,287.779999,294.589996,294.22876,63620600
11/11/2021,304.679993,305.899994,297.769989,303.899994,303.527344,33217200
12/11/2021,300.100006,306.799988,296.299988,303.899994,303.527344,41305400
15/11/2021,305.519989,306.440002,292.470001,300.25,299.881866,38490900
16/11/2021,297.589996,303.899994,297.059998,302.029999,301.659668,26448400
17/11/2021,304.179993,305.089996,288,292.609985,292.25116,42850800
18/11/2021,323.670013,327.600006,313.209991,316.75,316.361633,78171100
19/11/2021,322.429993,330.880005,319.049988,329.850006,329.445557,53386700
22/11/2021,335.170013,346.470001,319,319.559998,319.168152,75433500
23/11/2021,315.350006,323.600006,308.799988,317.459991,317.07074,53216300
24/11/2021,314.609985,328.549988,309.279999,326.73999,326.339325,43516200
26/11/2021,326,327.100006,313.5,315.029999,314.643707,28306900
29/11/2021,323.660004,334.119995,320.359985,333.76001,333.350708,45496400
30/11/2021,331.690002,333.529999,318.640015,326.76001,326.359314,62206600
1/12/2021,332.190002,332.890015,313.799988,314.350006,314.00296,48436800
2/12/2021,312.140015,324.779999,310.25,321.26001,320.905396,47289000
3/12/2021,320,321.290009,301.299988,306.929993,306.591187,54432500
6/12/2021,298.799988,302.410004,280.380005,300.369995,300.038422,65893800
7/12/2021,309.570007,324.48999,306.51001,324.269989,323.912018,59305300
8/12/2021,319.98999,322.899994,314.209991,318.26001,317.908691,47555100
9/12/2021,317.339996,322.049988,304.279999,304.899994,304.563416,48850700
10/12/2021,311.5,313.049988,298.609985,301.980011,301.646667,48882500
13/12/2021,302.48999,302.940002,281.160004,281.609985,281.299133,59834400
14/12/2021,276.98999,286.779999,272.5,283.369995,283.05719,66703500
15/12/2021,284,305,278.380005,304.589996,304.253723,69829700
16/12/2021,311.519989,311.600006,280.929993,283.869995,283.556641,70736600
17/12/2021,279.850006,289.220001,277.600006,278.01001,277.703125,71375800
20/12/2021,273.049988,281.440002,271.450012,277.190002,276.884033,46184700
21/12/2021,283.73999,291.200012,274.01001,290.75,290.429016,52438500
22/12/2021,288.910004,295.549988,284.48999,294,293.675446,39518400
23/12/2021,297.549988,300.589996,294.309998,296.399994,296.072815,34302200
27/12/2021,296.600006,310.869995,296.399994,309.450012,309.108429,40368600
28/12/2021,313.119995,313.299988,300.119995,303.220001,302.885284,42059100
29/12/2021,302.730011,305.480011,293.660004,300.01001,299.678833,34313900
30/12/2021,298.269989,304.570007,295.399994,295.859985,295.533386,30886400
31/12/2021,296.73999,300.299988,293.309998,294.109985,293.785309,26653000
3/1/2022,298.149994,307.109985,297.850006,301.209991,300.877502,39154700
4/1/2022,302.769989,304.679993,283.48999,292.899994,292.57666,52715400
5/1/2022,289.48999,294.160004,275.329987,276.040009,275.73526,49806400
6/1/2022,276.399994,284.380005,270.649994,281.779999,281.468903,45418600
7/1/2022,281.410004,284.220001,270.570007,272.470001,272.16922,40993900
10/1/2022,265.809998,274.690002,256.440002,274,273.69754,59468100
11/1/2022,273.230011,280.649994,268.390015,278.170013,277.862915,40408900
12/1/2022,280.670013,285.950012,276.079987,279.98999,279.680908,38341300
13/1/2022,283.790009,284.799988,264.980011,265.75,265.456665,54017100
14/1/2022,263,271.970001,262.100006,269.420013,269.122589,39583200
18/1/2022,262.600006,266.380005,257.700012,259.029999,258.74408,42427000
19/1/2022,260.790009,265.429993,250.520004,250.669998,250.393295,48831500
20/1/2022,253.039993,255.789993,240.779999,241.5,241.233429,43518100
21/1/2022,235.070007,248.229996,232.630005,233.740005,233.481979,71895800
24/1/2022,223.300003,233.800003,208.880005,233.720001,233.462006,91398200
25/1/2022,225.460007,229.429993,220,223.240005,222.993576,66461600
26/1/2022,232.399994,240.570007,223,227.720001,227.468613,75595900
27/1/2022,235.679993,239.949997,216.75,219.440002,219.197754,57335300
28/1/2022,220.119995,228.580002,212.960007,228.399994,228.147873,54377400
31/1/2022,231.820007,245.089996,230.520004,244.860001,244.589706,56468000
1/2/2022,251.039993,251.449997,238.899994,246.380005,246.108032,51892500
2/2/2022,257.940002,258.170013,245.529999,252.419998,252.141373,54341900
3/2/2022,244.580002,250.770004,237.800003,239.479996,239.215622,41017800
4/2/2022,239.720001,246.350006,236.320007,243.190002,242.921539,35482900
7/2/2022,243.720001,251.820007,242.020004,247.279999,247.00705,37686800
8/2/2022,243.589996,252.300003,239.800003,251.080002,250.802841,41035900
9/2/2022,256.220001,267.25,253.529999,267.049988,266.755188,52428200
10/2/2022,259.950012,269.25,256,258.23999,257.954895,51320000
11/2/2022,259.160004,261.519989,237.729996,239.490005,239.225632,60547200
14/2/2022,239.339996,248.75,237.550003,242.669998,242.40213,44042400
15/2/2022,249.490005,265.450012,247.839996,264.950012,264.657532,69986900
16/2/2022,262.589996,265.820007,255.520004,265.109985,264.817322,73267600
17/2/2022,256.299988,257.850006,241.649994,245.070007,244.799484,81059500
18/2/2022,246.679993,249.860001,231,236.419998,236.159012,76125500
22/2/2022,230.350006,240.639999,230,233.899994,233.641785,63342200
23/2/2022,238.020004,241.550003,223.009995,223.869995,223.622864,56651100
24/2/2022,210.149994,238,208.899994,237.479996,237.21785,73580100
25/2/2022,237.210007,242.169998,233.809998,241.570007,241.303345,52886600
28/2/2022,239.919998,246.649994,237.070007,243.850006,243.580811,47731900
1/3/2022,242.910004,243.770004,231.320007,234.770004,234.510849,41205600
2/3/2022,237.559998,244.089996,234.149994,242.199997,241.973862,38964200
3/3/2022,242.619995,243.259995,234.690002,237.139999,236.918579,36509500
4/3/2022,233.839996,236.800003,224.820007,229.360001,229.145844,43141500
7/3/2022,228.169998,230.330002,213.300003,213.520004,213.320633,45082100
8/3/2022,213.089996,223.729996,206.5,215.139999,214.939117,55746700
9/3/2022,223.869995,232.199997,222.470001,230.139999,229.92511,49274200
10/3/2022,225.309998,227.880005,218.820007,226.580002,226.368469,42806600
11/3/2022,230.220001,231.449997,220.460007,221,220.793655,36720900
14/3/2022,218.690002,222.619995,211.589996,213.300003,213.100845,38535400
15/3/2022,215.179993,230.380005,213.220001,229.729996,229.515503,49199600
16/3/2022,235,245.970001,231.720001,244.960007,244.731293,67142200
17/3/2022,241.199997,248.419998,239.059998,247.660004,247.428757,47194100
18/3/2022,247.990005,265.690002,246.240005,264.529999,264.28302,73071900
21/3/2022,265.070007,271.519989,259.670013,267.339996,267.090363,59172700
22/3/2022,267.269989,272.380005,260.720001,265.23999,264.99234,54700700
23/3/2022,261.26001,266.119995,255.75,256.339996,256.100647,50212000
24/3/2022,261.660004,283.200012,259.070007,281.5,281.237183,87737900
25/3/2022,278.859985,283.579987,272.709991,276.920013,276.661438,57901600
28/3/2022,277.559998,282.5,272.059998,282.190002,281.926544,42549400
29/3/2022,286.950012,289.459991,279.799988,286.559998,286.292419,48898400
30/3/2022,283.040009,284.959991,275.029999,276.899994,276.641449,46348700
31/3/2022,277.820007,282.480011,272.700012,272.859985,272.605225,52344000
1/4/2022,273.75,274.959991,262.670013,267.119995,266.870575,51723500
4/4/2022,267.279999,275.579987,266.130005,273.600006,273.344543,39712000
5/4/2022,272.540009,273.190002,258.200012,259.309998,259.067871,43661500
6/4/2022,249.339996,253,240.029999,244.070007,243.842117,70383300
7/4/2022,244.410004,247.220001,234.779999,242.080002,241.853973,55799200
8/4/2022,239.169998,239.229996,230.619995,231.190002,230.974152,52478100
11/4/2022,222.139999,223.199997,216.600006,219.169998,218.965363,57520700
12/4/2022,225.369995,227.25,212.820007,215.039993,214.839203,66225800
13/4/2022,217.279999,225,214.550003,222.029999,221.822708,51694300
14/4/2022,225.050003,227.770004,211.630005,212.580002,212.381516,56909700
18/4/2022,212,220.880005,210.789993,217.830002,217.626617,52570100
19/4/2022,217.199997,223.729996,213.139999,221.979996,221.772736,51278100
20/4/2022,225.169998,226.699997,212,214.820007,214.619431,46897400
21/4/2022,217.089996,223.919998,200,201.830002,201.641541,65620900
22/4/2022,203.029999,204.860001,195,195.149994,194.967789,62471300
25/4/2022,192.020004,199.449997,190.960007,199.020004,198.834183,64156600
26/4/2022,197.179993,197.880005,186.699997,187.880005,187.704605,65314300
27/4/2022,185.979996,191.669998,182.899994,184.149994,183.978058,49946000
28/4/2022,189.669998,200.369995,184.899994,197.820007,197.6353,57032700
29/4/2022,194.020004,201.279999,185.169998,185.470001,185.296814,50043500
2/5/2022,185.410004,195.740005,183.910004,195.330002,195.147629,57204900
3/5/2022,194,198.25,191.330002,196.020004,195.83699,47575100
4/5/2022,199.229996,204,187.509995,203.339996,203.150146,64885500
5/5/2022,198.669998,199.25,185,188.440002,188.264069,62633100
6/5/2022,187.360001,195.119995,179.899994,186.75,186.575638,63329700
9/5/2022,180.339996,182.550003,168.270004,169.5,169.341736,64445500
10/5/2022,176.889999,181.979996,170.25,175.949997,175.785721,76147400
11/5/2022,173.470001,177.529999,165.679993,166.300003,166.14473,67016700
12/5/2022,162.190002,167.880005,155.669998,161.75,161.598984,70872800
13/5/2022,167.880005,179.279999,165.929993,177.059998,176.894669,67043700
16/5/2022,175.089996,177.880005,171.059998,172.639999,172.478806,52144600
17/5/2022,180.740005,183.710007,176.339996,181.770004,181.600281,58583000
18/5/2022,177.050003,181.179993,168.639999,169.380005,169.221848,54516100
19/5/2022,169.369995,176.869995,167.339996,171.240005,171.080124,62131000
20/5/2022,173.320007,174.100006,157.550003,166.940002,166.784149,73910500
23/5/2022,162.740005,169.149994,161.789993,168.979996,168.82222,63988900
24/5/2022,165.100006,165.970001,157.800003,161.539993,161.38916,58855000
25/5/2022,160.199997,171.110001,160,169.75,169.591507,78113200
26/5/2022,160.360001,180.919998,160.220001,178.509995,178.343323,99657500
27/5/2022,181.860001,188.809998,181,188.110001,187.934357,73837900
31/5/2022,189.800003,192,183.5,186.720001,186.545654,66410000
1/6/2022,187.240005,190.529999,181.220001,183.199997,183.028946,54451400
2/6/2022,182.919998,196.190002,181.979996,195.919998,195.737061,64865600
3/6/2022,190.820007,193.320007,185.220001,187.199997,187.025208,59877900
6/6/2022,191.389999,193.369995,185.639999,187.860001,187.684601,42240600
7/6/2022,184.720001,190,181.880005,189.259995,189.083282,38891400
8/6/2022,187.990005,191.800003,185.350006,186.479996,186.345276,36325200
9/6/2022,184.809998,189.330002,180.410004,180.479996,180.349594,39557400
10/6/2022,176,176.970001,168.690002,169.740005,169.617371,46524800
13/6/2022,160,163.119995,156.059998,156.470001,156.356964,60415300
14/6/2022,157.309998,160.660004,154.119995,158.360001,158.24559,46968000
15/6/2022,160.949997,168.679993,159.259995,165.270004,165.150604,56393600
16/6/2022,158.600006,159.419998,154.009995,156.009995,155.897278,54574900
17/6/2022,156.479996,159.949997,153.279999,158.800003,158.685287,63033400
21/6/2022,164.75,170.080002,164.070007,165.660004,165.540314,48308900
22/6/2022,162.259995,166.619995,161.800003,163.600006,163.481796,43713500
23/6/2022,165.190002,165.850006,158.529999,162.25,162.132782,46368000
24/6/2022,165,171.399994,163.100006,171.259995,171.136261,47215300
27/6/2022,173.119995,173.300003,166.259995,168.690002,168.56813,42796800
28/6/2022,169,172.020004,159.449997,159.820007,159.704544,46114900
29/6/2022,158.139999,158.199997,151.699997,155.419998,155.307693,48235200
30/6/2022,153.610001,155.669998,148.619995,151.589996,151.480484,68607000
1/7/2022,148.990005,150.630005,143.919998,145.229996,145.125076,57761000
5/7/2022,141.75,149.710007,140.550003,149.639999,149.531891,65139700
6/7/2022,150.100006,153.190002,147.889999,151.300003,151.190689,52906600
7/7/2022,154.559998,159.449997,153.889999,158.580002,158.465424,49290300
8/7/2022,154.300003,160.369995,153.889999,158.380005,158.265579,46797200
11/7/2022,155.259995,155.270004,150.380005,151.520004,151.410538,43732100
12/7/2022,152.679993,154.309998,148.770004,150.820007,150.711044,45848300
13/7/2022,145.899994,153.75,144.649994,151.639999,151.530441,52191800
14/7/2022,151.080002,154.729996,147.279999,153.720001,153.608948,45623500
15/7/2022,156.589996,157.820007,154.449997,157.619995,157.506119,38593500
18/7/2022,163.020004,168.970001,160.020004,161.009995,160.893677,67051700
19/7/2022,164.860001,171.100006,161.720001,169.919998,169.797226,70236600
20/7/2022,169.470001,179.330002,168.009995,178.070007,177.94136,76053800
21/7/2022,178.850006,181.440002,175.449997,180.5,180.369583,55704900
22/7/2022,178.929993,179.669998,171.369995,173.190002,173.064896,53667100
25/7/2022,170.190002,171.240005,166.490005,170.240005,170.117004,48074800
26/7/2022,168.889999,169.190002,164.779999,165.330002,165.210556,39786500
27/7/2022,170.320007,179.360001,169.130005,177.899994,177.771469,56977600
28/7/2022,179.75,181.399994,174.399994,179.839996,179.710068,47464600
29/7/2022,178.130005,182.440002,176.919998,181.630005,181.498779,43546000
1/8/2022,181.820007,188.460007,179.899994,184.410004,184.276764,47646900
2/8/2022,181.220001,189.380005,180.919998,185.259995,185.126144,48952700
3/8/2022,181.839996,189.679993,181.369995,188.929993,188.793488,41814600
4/8/2022,188.490005,192.740005,187.600006,192.149994,192.011185,40965200
5/8/2022,188.100006,192.289993,186.660004,189.889999,189.752823,38606800
8/8/2022,175.020004,182.389999,172.419998,177.929993,177.801437,98185900
9/8/2022,172.520004,174.470001,167.240005,170.860001,170.736572,66826300
10/8/2022,176.979996,181.179993,173.169998,180.970001,180.839249,59742200
11/8/2022,181.309998,187.070007,178.759995,179.419998,179.290359,50932700
12/8/2022,181.600006,187.179993,179.529999,187.089996,186.954834,47809400
15/8/2022,187.009995,191.639999,186.130005,190.320007,190.182495,45766600
16/8/2022,189.199997,191.419998,185.009995,188.789993,188.653595,45124000
17/8/2022,185.229996,186.880005,181.449997,183.350006,183.217545,44679900
18/8/2022,183.009995,188.649994,181.830002,187.729996,187.594376,41544700
19/8/2022,184.059998,185.199997,177.699997,178.490005,178.361069,44158800
22/8/2022,174.899994,175.580002,169.660004,170.339996,170.216919,40959300
23/8/2022,169.889999,174.649994,169.699997,171.809998,171.685867,36998600
24/8/2022,170.119995,174.059998,168.949997,172.220001,172.095581,52266100
25/8/2022,168.440002,179.470001,168.330002,179.130005,179.00058,77069100
26/8/2022,178.570007,179.240005,162.369995,162.600006,162.482529,76912700
29/8/2022,160.199997,163.380005,157.669998,158.009995,157.895844,49613200
30/8/2022,159.600006,160.389999,151.820007,154.679993,154.568253,53018100
31/8/2022,153.839996,155.399994,149.589996,150.940002,150.830948,57371000
1/9/2022,142.089996,143.800003,132.699997,139.369995,139.269302,117886500
2/9/2022,141,141.710007,135.910004,136.470001,136.371399,74315700
6/9/2022,137.309998,137.789993,133.509995,134.649994,134.552704,53575100
7/9/2022,135.630005,138.380005,133.460007,137.139999,137.08165,51265700
8/9/2022,134.589996,140.080002,133.690002,139.899994,139.840454,62487300
9/9/2022,141.570007,144.740005,141.259995,143.869995,143.808777,48661200
12/9/2022,143.690002,145.470001,141.979996,145.050003,144.988281,48415900
13/9/2022,138.020004,139.220001,130.990005,131.309998,131.25412,71495600
14/9/2022,132.539993,132.899994,129.130005,131.279999,131.224136,58850700
15/9/2022,130.149994,132.330002,127.900002,129.289993,129.23497,52362500
16/9/2022,127.419998,132.119995,126.169998,131.979996,131.923828,67075100
19/9/2022,130.119995,134.630005,130.100006,133.820007,133.763062,56968500
20/9/2022,132.149994,134.830002,130.570007,131.759995,131.703934,52481800
21/9/2022,132.130005,140.309998,131.100006,132.610001,132.553574,80767900
22/9/2022,130.699997,131.490005,124.279999,125.610001,125.556549,75916200
23/9/2022,124.199997,126.110001,122.57,125.160004,125.106743,66330900
26/9/2022,124.910004,126.589996,122.139999,122.279999,122.227959,54734300
27/9/2022,125.07,127.360001,122.580002,124.129997,124.077171,55385400
28/9/2022,124.099998,128.229996,123.540001,127.360001,127.305801,54241400
29/9/2022,124.480003,125,119.459999,122.199997,122.147995,53276300
30/9/2022,120.870003,126.330002,120.75,121.389999,121.338341,56563800
3/10/2022,123.470001,126.779999,121.050003,125.120003,125.066757,54747800
4/10/2022,128.789993,132.199997,128.789993,131.669998,131.613968,58418200
5/10/2022,129.110001,133.210007,126.209999,132.089996,132.033783,50713100
6/10/2022,132.199997,136.559998,131.029999,131.300003,131.244141,64415700
7/10/2022,125.050003,126.699997,120.220001,120.760002,120.708611,67247800
10/10/2022,120.370003,121.239998,114.080002,116.699997,116.650337,69869900
11/10/2022,115.610001,118.459999,112.830002,115.860001,115.810699,66748200
12/10/2022,115.790001,117.349998,113.449997,115,114.951057,49259000
13/10/2022,109.709999,120.779999,108.129997,119.599998,119.549103,85010300
14/10/2022,120.57,121.110001,112.040001,112.269997,112.222221,71343200
17/10/2022,115.18,119.480003,115.169998,118.879997,118.829407,58077400
18/10/2022,123.440002,124.919998,116.18,119.669998,119.619072,65936200
19/10/2022,118.790001,123.5,118.339996,120.510002,120.458725,52313100
20/10/2022,121.129997,127.690002,121.050003,121.940002,121.888115,65239800
21/10/2022,120.980003,124.980003,118.870003,124.660004,124.606956,60949400
24/10/2022,125.080002,127.099998,120.639999,125.989998,125.936386,51745700
25/10/2022,126.940002,133,126.639999,132.610001,132.553574,50548200
26/10/2022,128.690002,133.880005,127.080002,128.960007,128.905136,53295300
27/10/2022,136.300003,138.380005,131.220001,131.759995,131.703934,58311300
28/10/2022,131.039993,138.5,130.610001,138.339996,138.281128,52104000
31/10/2022,137.779999,138.380005,132.970001,134.970001,134.912567,48634100
1/11/2022,138.110001,139.25,135.190002,135.429993,135.37236,43281700
2/11/2022,138.5,142.100006,132.110001,132.190002,132.133759,67262800
3/11/2022,130.429993,137.809998,129.559998,134.210007,134.152893,50006500
4/11/2022,139.860001,142.289993,136.970001,141.559998,141.499771,61257600
7/11/2022,142.279999,144.119995,139.539993,143.009995,142.949127,41006100
8/11/2022,148.009995,148.910004,142.160004,146.020004,145.95787,59529200
9/11/2022,141.619995,142.110001,137.589996,137.759995,137.70137,45441400
10/11/2022,148,157.729996,145.470001,157.5,157.432968,70081900
11/11/2022,158.070007,163.889999,154.820007,163.270004,163.200531,65548700
14/11/2022,162.179993,165.399994,159.220001,162.949997,162.880661,52785200
15/11/2022,167.220001,169.979996,163.820007,166.660004,166.589081,54587600
16/11/2022,161.619995,163.619995,158.729996,159.100006,159.032303,64954700
17/11/2022,157.149994,162.660004,155.350006,156.770004,156.703293,71089400
18/11/2022,159.660004,160.020004,151.199997,154.089996,154.024429,49207200
21/11/2022,151.470001,154.770004,150.800003,153.169998,153.104813,40473900
22/11/2022,153.279999,160.580002,151.220001,160.380005,160.311752,47286600
23/11/2022,160.979996,165.270004,160.479996,165.190002,165.11972,42724100
25/11/2022,163.179993,164.869995,161.720001,162.699997,162.630753,16793400
28/11/2022,160.259995,163.570007,157.25,158.270004,158.202667,30374100
29/11/2022,158.270004,159.320007,155.199997,156.389999,156.323456,29838400
30/11/2022,156.970001,169.300003,155.970001,169.229996,169.201263,56529800
1/12/2022,169.990005,172.649994,166.350006,171.350006,171.320908,47097700
2/12/2022,166.589996,169.330002,164.449997,168.759995,168.731339,37138900
5/12/2022,166.789993,169.949997,164.720001,166.100006,166.071793,35225500
6/12/2022,165.300003,165.729996,158.190002,159.869995,159.84285,35269400
7/12/2022,157.720001,161.860001,156.669998,161.199997,161.172623,37238800
8/12/2022,162.729996,171.789993,159.589996,171.690002,171.660843,51545600
9/12/2022,171.600006,175.830002,169.75,170.009995,169.981125,46533800
12/12/2022,170.369995,175.380005,167.970001,175.350006,175.320236,45732800
13/12/2022,185.309998,187.899994,177.110001,180.720001,180.689316,65658900
14/12/2022,179.869995,182.520004,174.199997,176.740005,176.709991,49688800
15/12/2022,171.460007,173.199997,167,169.520004,169.491211,47854200
16/12/2022,168.639999,170.410004,164.100006,165.710007,165.68187,47823200
19/12/2022,165.720001,166.089996,161.449997,162.539993,162.51239,35403900
20/12/2022,160.639999,163.100006,158.520004,160.850006,160.822693,40326000
21/12/2022,161.139999,166.270004,161.020004,165.009995,164.981979,32502500
22/12/2022,160.940002,161.380005,148.820007,153.389999,153.363953,56504500
23/12/2022,151.960007,153.389999,148.830002,152.059998,152.03418,34932600
27/12/2022,150.740005,151,140.559998,141.210007,141.18602,46490200
28/12/2022,139.270004,142.619995,138.839996,140.360001,140.336166,35106600
29/12/2022,144.020004,146.830002,142.270004,146.029999,146.005203,35492300
30/12/2022,143.339996,146.289993,142.330002,146.139999,146.115189,31049000
3/1/2023,148.509995,149.960007,140.960007,143.149994,143.125687,40127700
4/1/2023,145.669998,148.529999,142.410004,147.490005,147.464966,43132400
5/1/2023,144.910004,145.639999,141.479996,142.649994,142.625763,38916800
6/1/2023,144.740005,150.100006,140.339996,148.589996,148.564758,40504400
9/1/2023,152.839996,160.559998,151.410004,156.279999,156.253464,50423100
10/1/2023,155.070007,159.619995,154.720001,159.089996,159.062988,38410100
11/1/2023,158.399994,160.279999,155.630005,160.009995,159.982819,35328500
12/1/2023,161,166.369995,154.919998,165.110001,165.08197,55140900
13/1/2023,162.779999,169.220001,161.649994,168.990005,168.961304,44728700
17/1/2023,168.990005,177.279999,168.990005,177.020004,176.989944,51110200
18/1/2023,176.669998,178.729996,172.820007,173.770004,173.740494,43962400
19/1/2023,170.360001,171.970001,167.309998,167.649994,167.621521,45293200
20/1/2023,170.110001,178.559998,168.25,178.389999,178.359711,56496700
23/1/2023,180.639999,192.449997,178.179993,191.929993,191.8974,65516300
24/1/2023,188.270004,194.949997,188.199997,192.649994,192.617279,49620400
25/1/2023,189.130005,193.699997,185.800003,193.229996,193.197189,44953700
26/1/2023,197.009995,201.660004,192.779999,198.020004,197.986374,48953500
27/1/2023,194.619995,206.279999,194.050003,203.649994,203.615417,54214200
30/1/2023,199.5,201.399994,191.5,191.619995,191.587448,48861100
31/1/2023,191.699997,196.869995,189.5,195.369995,195.336823,49801700
1/2/2023,196.910004,211.919998,196.110001,209.429993,209.394424,66047700
2/2/2023,210,219.490005,207,217.089996,217.053131,56427600
3/2/2023,210,217.449997,207.889999,211,210.964172,42936600
6/2/2023,208.059998,215.699997,207.860001,210.889999,210.854187,45219700
7/2/2023,213.820007,222.589996,211.5,221.729996,221.692337,66415000
8/2/2023,223.869995,228.779999,220.080002,222.050003,222.012299,55965100
9/2/2023,226.059998,230.199997,221.199997,223.369995,223.332062,52387600
10/2/2023,216.899994,220.779999,208.110001,212.649994,212.613876,55073700
13/2/2023,215.380005,220.479996,209.619995,217.880005,217.843002,47491900
14/2/2023,215.779999,230.490005,213.660004,229.710007,229.671005,67547400
15/2/2023,225.490005,228.550003,221.059998,227.639999,227.601349,42057500
16/2/2023,221.330002,225.5,219.270004,220.020004,219.982635,41202600
17/2/2023,216.309998,217.399994,209.75,213.880005,213.843689,46588800
21/2/2023,210,214.940002,206.179993,206.550003,206.514923,41001500
22/2/2023,207.070007,211.039993,204.210007,207.539993,207.504745,51318400
23/2/2023,234.399994,238.880005,230.25,236.639999,236.599808,111799500
24/2/2023,232.25,234.740005,229.470001,232.860001,232.820465,58971600
27/2/2023,236.699997,238.800003,234.539993,235.009995,234.970093,45299400
28/2/2023,233.720001,238.25,232.059998,232.160004,232.120575,45596300
1/3/2023,231.919998,232.559998,225.080002,226.979996,226.941452,46002600
2/3/2023,224.880005,233.800003,224.320007,233.139999,233.100403,38941500
3/3/2023,233.199997,239,231.300003,238.899994,238.859421,41239300
6/3/2023,238.910004,242.479996,234.869995,235.539993,235.5,43742900
7/3/2023,236,241.25,232.410004,232.880005,232.880005,51515400
8/3/2023,234.869995,242,234.240005,241.809998,241.809998,51357300
9/3/2023,241.75,244.539993,233.830002,234.360001,234.360001,50125700
10/3/2023,234.089996,236.270004,227.259995,229.649994,229.649994,47486600
13/3/2023,227.520004,232.979996,222.970001,229.660004,229.660004,42189000
14/3/2023,234.960007,242.190002,234.600006,240.630005,240.630005,47491000
15/3/2023,237.610001,242.860001,233.600006,242.279999,242.279999,52448600
16/3/2023,240.270004,255.880005,238.940002,255.410004,255.410004,58325300
17/3/2023,259.820007,263.98999,256.679993,257.25,257.25,84854700
20/3/2023,256.149994,260.23999,251.300003,259,259,43274700
21/3/2023,261.799988,263.920013,253.809998,261.98999,261.98999,54740800
22/3/2023,264.25,275.890015,262.369995,264.679993,264.679993,79729500
23/3/2023,271.149994,274.98999,266.899994,271.910004,271.910004,56488900
24/3/2023,270.309998,271.670013,263.549988,267.790009,267.790009,45492000
27/3/2023,268.369995,270,263.649994,265.309998,265.309998,36102600
28/3/2023,264.470001,265.130005,258.5,264.100006,264.100006,35610400
29/3/2023,268.25,270.779999,265.970001,269.839996,269.839996,39369400
30/3/2023,272.290009,274.98999,271.019989,273.829987,273.829987,36451600
31/3/2023,271.399994,278.339996,271.049988,277.769989,277.769989,43393300
3/4/2023,275.089996,280,273.359985,279.649994,279.649994,39871600
4/4/2023,279.660004,280,273.070007,274.529999,274.529999,36859200
5/4/2023,268.290009,269.980011,263.950012,268.809998,268.809998,51501500
6/4/2023,265.839996,270.799988,264.269989,270.369995,270.369995,39765400
10/4/2023,268.230011,276.209991,266.690002,275.790009,275.790009,39527900
11/4/2023,277.23999,277.899994,271.26001,271.690002,271.690002,31437800
12/4/2023,273.700012,274.679993,264.480011,264.950012,264.950012,44625900
13/4/2023,267.339996,268.869995,263.290009,264.630005,264.630005,35361500
14/4/2023,265.040009,268.829987,262.200012,267.579987,267.579987,39566000
17/4/2023,265.649994,270.059998,264.329987,270.019989,270.019989,32147100
18/4/2023,275.329987,281.100006,273.570007,276.670013,276.670013,60481200
19/4/2023,273.609985,280,272.320007,279.309998,279.309998,35866000
20/4/2023,276.709991,280.299988,270,271.040009,271.040009,42771300
21/4/2023,269.519989,271.829987,267.220001,271.190002,271.190002,34510300
24/4/2023,270.130005,273.660004,266.709991,270.420013,270.420013,33928200
25/4/2023,270.779999,272.470001,262.25,262.410004,262.410004,37852700
26/4/2023,270.019989,273.299988,267.049988,269.559998,269.559998,40633700
27/4/2023,273.630005,274.950012,266.25,272.26001,272.26001,37716100
28/4/2023,272.25,277.579987,270.709991,277.48999,277.48999,29168700
1/5/2023,278.399994,290.579987,277.799988,289.100006,289.100006,57032900
2/5/2023,286.799988,288.359985,280.829987,282.100006,282.100006,40273000
3/5/2023,278.399994,283.670013,274.720001,278.019989,278.019989,38338700
4/5/2023,276.51001,278.589996,272.399994,275.619995,275.619995,32185000
5/5/2023,278.26001,287.549988,277.309998,286.799988,286.799988,36101400
8/5/2023,285.220001,292.200012,283.5,291.51001,291.51001,34497900
9/5/2023,288.98999,289.730011,284.5,285.709991,285.709991,31486900
10/5/2023,290.049988,291.130005,284.609985,288.850006,288.850006,36935000
11/5/2023,288.959991,289.5,282.459991,285.779999,285.779999,32214900
